,Injection Temp (Celsius),Growth Temp (Celsius),Metal_amount (g),Metal_mmol (mmol),Metal_concentration (mmol/g),Chalcogen_amount (g),Chalcogen_mmol (mmol),Chalcogen_concentration (mmol/g),Metal/Se_ratio,CA_amount (g),CA_mmol (mmol),Cd/CA_ratio,Amines_amount (g),Phosphines_amount (g),Phosphines_mmol (mmol),Chalcogen/Ph_ratio,S_I_amount (g),S_II_amount (g),Total_amount (g),Time_min (min),x0_cadmium acetate,x0_cadmium acetate dihtdrate,x0_cadmium acetate dihydrate,x0_cadmium oxide,x0_cadmium stearate,x0_dimethylcadmium,x1_None,x1_benzoic acid,x1_dodecylphosphonic acid,x1_ethylphosphonic acid,x1_lauric acid,x1_myrstic acid,x1_oleic acid,x1_stearic acid,x2_2-6-dimethylpyridine,x2_None,x2_aniline,x2_benzylamine,x2_dioctylamine/hexadecylamine,x2_dodecylamine,x2_heptylamine,x2_hexadecylamine,x2_octadecylamine,x2_octylamine,x2_oleylamine,x2_pyridine,x2_trioctylamine,x3_None,x3_diphenylphosphine,x3_tributylphosphine,x3_trioctylphosphine,x3_triphenylphosphine,x4_None,x4_liquid parafin,x4_octadecene,x4_phenyl ether,x4_trioctylphosphine oxide,x5_0,x5_None,x5_phosphinic acid,x5_trioctylphosphine oxide,Diameter_nm,Absorbance max (nm),PL max (nm)
0,0.333333333,1.428571429,0.371565114,-0.323493976,-0.2,0.327868852,0.311320755,0.244897959,-0.5,-0.402193784,-0.400826446,-0.818333333,0.559440559,0.281081081,0.355555556,-0.10289095,0.388086643,0,-0.022424422,0,0,0,0,0,1,0,1,0,0,0,0,0,0,0,0,0,0,0,0,0,0,0,1,0,0,0,0,0,0,0,1,0,0,0,1,0,0,0,1,0,0,3.41,566,575
1,-0.380952381,-0.714285714,-0.345280765,-0.443975904,-0.4,-0.163934426,-0.08490566,0,-0.486666667,-0.007312614,-0.008264463,-0.540555556,0,-0.216216216,-0.256790123,0.2057819,0.19765343,0,-0.239067144,-0.228745711,0,0,0,1,0,0,0,0,0,0,0,0,1,0,0,1,0,0,0,0,0,0,0,0,0,0,0,0,0,0,1,0,0,0,1,0,0,0,1,0,0,2.5,474,617
2,-0.142857143,0,0,-0.443975904,0.10515646,-0.590983607,-0.396226415,-0.182621135,0.666666667,-0.402193784,-0.400826446,-0.818333333,0,-0.394594595,-0.479012346,-0.514454749,-0.264936823,0,-0.692401542,-0.228745711,0,0,0,0,1,0,1,0,0,0,0,0,0,0,0,1,0,0,0,0,0,0,0,0,0,0,0,1,0,0,0,0,0,0,1,0,0,0,1,0,0,1.99,None,497
3,-0.142857143,0,0,-0.443975904,0.09831184,-0.590983607,-0.396226415,-0.184017992,0.666666667,-0.402193784,-0.400826446,-0.818333333,0,-0.379567568,-0.460493827,0.628778027,-0.264936823,0,-0.690288325,-0.228745711,0,0,0,0,1,0,1,0,0,0,0,0,0,0,0,1,0,0,0,0,0,0,0,0,0,0,0,0,0,0,1,0,0,0,1,0,0,0,1,0,0,2.13,None,510
4,-0.142857143,0,0,-0.443975904,0.09831184,-0.590983607,-0.396226415,-0.184017992,0.666666667,-0.402193784,-0.400826446,-0.818333333,0,-0.379567568,-0.460493827,0.628778027,-0.264936823,0,-0.690288325,-0.203329521,0,0,0,0,1,0,1,0,0,0,0,0,0,0,0,1,0,0,0,0,0,0,0,0,0,0,0,0,0,0,1,0,0,0,1,0,0,0,1,0,0,2.27,None,517
5,-0.142857143,0,0,-0.443975904,0.09831184,-0.590983607,-0.396226415,-0.184017992,0.666666667,-0.402193784,-0.400826446,-0.818333333,0,-0.379567568,-0.460493827,0.628778027,-0.264936823,0,-0.690288325,-0.152497141,0,0,0,0,1,0,1,0,0,0,0,0,0,0,0,1,0,0,0,0,0,0,0,0,0,0,0,0,0,0,1,0,0,0,1,0,0,0,1,0,0,2.53,None,522
6,-0.142857143,0,0,-0.443975904,0.09831184,-0.590983607,-0.396226415,-0.184017992,0.666666667,-0.402193784,-0.400826446,-0.818333333,0,-0.379567568,-0.460493827,0.628778027,-0.264936823,0,-0.690288325,0,0,0,0,0,1,0,1,0,0,0,0,0,0,0,0,1,0,0,0,0,0,0,0,0,0,0,0,0,0,0,1,0,0,0,1,0,0,0,1,0,0,2.71,None,532
7,-0.142857143,0,0,-0.443975904,0.09831184,-0.590983607,-0.396226415,-0.184017992,0.666666667,-0.402193784,-0.400826446,-0.818333333,0,-0.379567568,-0.460493827,0.628778027,-0.264936823,0,-0.690288325,0.508323802,0,0,0,0,1,0,1,0,0,0,0,0,0,0,0,1,0,0,0,0,0,0,0,0,0,0,0,0,0,0,1,0,0,0,1,0,0,0,1,0,0,2.91,None,547
8,-0.142857143,0,0,-0.443975904,0.09831184,-0.590983607,-0.396226415,-0.184017992,0.666666667,-0.402193784,-0.400826446,-0.818333333,0,-0.379567568,-0.460493827,0.628778027,-0.264936823,0,-0.690288325,1.270809506,0,0,0,0,1,0,1,0,0,0,0,0,0,0,0,1,0,0,0,0,0,0,0,0,0,0,0,0,0,0,1,0,0,0,1,0,0,0,1,0,0,3.02,None,550
9,-0.142857143,0,0,-0.443975904,0.09831184,-0.590983607,-0.396226415,-0.184017992,0.666666667,-0.402193784,-0.400826446,-0.818333333,0,-0.379567568,-0.460493827,0.628778027,-0.264936823,0,-0.690288325,2.033295209,0,0,0,0,1,0,1,0,0,0,0,0,0,0,0,1,0,0,0,0,0,0,0,0,0,0,0,0,0,0,1,0,0,0,1,0,0,0,1,0,0,3.02,None,549
10,-0.142857143,0,0,-0.443975904,0.09831184,-0.590983607,-0.396226415,-0.184017992,0.666666667,-0.402193784,-0.400826446,-0.818333333,0,-0.379567568,-0.460493827,0.628778027,-0.264936823,0,-0.690288325,2.795780912,0,0,0,0,1,0,1,0,0,0,0,0,0,0,0,1,0,0,0,0,0,0,0,0,0,0,0,0,0,0,1,0,0,0,1,0,0,0,1,0,0,3.02,None,548
11,-0.142857143,0,0,-0.443975904,-0.32540486,-0.590983607,-0.396226415,-0.270490784,0.666666667,-0.402193784,-0.400826446,-0.818333333,0,2.009297297,-0.330864198,-0.371550653,-0.264936823,0,-0.354347677,-0.228745711,0,0,0,0,1,0,1,0,0,0,0,0,0,0,0,1,0,0,0,0,0,0,0,0,0,0,0,0,0,0,1,0,0,0,1,0,0,0,1,0,0,2.98,None,549
12,-0.142857143,0,0,-0.443975904,-0.32540486,-0.590983607,-0.396226415,-0.270490784,0.666666667,-0.402193784,-0.400826446,-0.818333333,0,2.009297297,-0.330864198,-0.371550653,-0.264936823,0,-0.354347677,-0.203329521,0,0,0,0,1,0,1,0,0,0,0,0,0,0,0,1,0,0,0,0,0,0,0,0,0,0,0,0,0,0,1,0,0,0,1,0,0,0,1,0,0,3.21,None,560
13,-0.142857143,0,0,-0.443975904,-0.32540486,-0.590983607,-0.396226415,-0.270490784,0.666666667,-0.402193784,-0.400826446,-0.818333333,0,2.009297297,-0.330864198,-0.371550653,-0.264936823,0,-0.354347677,-0.152497141,0,0,0,0,1,0,1,0,0,0,0,0,0,0,0,1,0,0,0,0,0,0,0,0,0,0,0,0,0,0,1,0,0,0,1,0,0,0,1,0,0,3.43,None,582
14,-0.142857143,0,0,-0.443975904,-0.32540486,-0.590983607,-0.396226415,-0.270490784,0.666666667,-0.402193784,-0.400826446,-0.818333333,0,2.009297297,-0.330864198,-0.371550653,-0.264936823,0,-0.354347677,0,0,0,0,0,1,0,1,0,0,0,0,0,0,0,0,1,0,0,0,0,0,0,0,0,0,0,0,0,0,0,1,0,0,0,1,0,0,0,1,0,0,4.07,None,593
15,-0.142857143,0,0,-0.443975904,-0.32540486,-0.590983607,-0.396226415,-0.270490784,0.666666667,-0.402193784,-0.400826446,-0.818333333,0,2.009297297,-0.330864198,-0.371550653,-0.264936823,0,-0.354347677,0.508323802,0,0,0,0,1,0,1,0,0,0,0,0,0,0,0,1,0,0,0,0,0,0,0,0,0,0,0,0,0,0,1,0,0,0,1,0,0,0,1,0,0,4.95,None,602
16,-0.142857143,0,0,-0.443975904,-0.32540486,-0.590983607,-0.396226415,-0.270490784,0.666666667,-0.402193784,-0.400826446,-0.818333333,0,2.009297297,-0.330864198,-0.371550653,-0.264936823,0,-0.354347677,1.270809506,0,0,0,0,1,0,1,0,0,0,0,0,0,0,0,1,0,0,0,0,0,0,0,0,0,0,0,0,0,0,1,0,0,0,1,0,0,0,1,0,0,5.41,None,603
17,-0.142857143,0,0,-0.443975904,-0.32540486,-0.590983607,-0.396226415,-0.270490784,0.666666667,-0.402193784,-0.400826446,-0.818333333,0,2.009297297,-0.330864198,-0.371550653,-0.264936823,0,-0.354347677,2.033295209,0,0,0,0,1,0,1,0,0,0,0,0,0,0,0,1,0,0,0,0,0,0,0,0,0,0,0,0,0,0,1,0,0,0,1,0,0,0,1,0,0,5.49,None,603
18,-0.142857143,0,0,-0.443975904,-0.32540486,-0.590983607,-0.396226415,-0.270490784,0.666666667,-0.402193784,-0.400826446,-0.818333333,0,2.009297297,-0.330864198,-0.371550653,-0.264936823,0,-0.354347677,2.795780912,0,0,0,0,1,0,1,0,0,0,0,0,0,0,0,1,0,0,0,0,0,0,0,0,0,0,0,0,0,0,1,0,0,0,1,0,0,0,1,0,0,5.55,None,604
19,-0.095238095,0.142857143,-0.106332139,-0.094578313,2.6,-0.491803279,-0.320754717,0.081632653,1.4,0.767824497,0.768595041,-0.429444444,0,0.048648649,0.066666667,-0.411563799,-0.514440433,0,-0.719481882,-0.245520396,0,0,0,1,0,0,0,0,0,0,0,0,0,1,0,1,0,0,0,0,0,0,0,0,0,0,0,0,0,1,0,0,1,0,0,0,0,0,1,0,0,2.6,526,556
20,-0.095238095,0.142857143,-0.106332139,-0.094578313,2.6,-0.491803279,-0.320754717,0.081632653,1.4,0.767824497,0.768595041,-0.429444444,0,0.048648649,0.066666667,-0.411563799,-0.514440433,0,-0.719481882,-0.236878892,0,0,0,1,0,0,0,0,0,0,0,0,0,1,0,1,0,0,0,0,0,0,0,0,0,0,0,0,0,1,0,0,1,0,0,0,0,0,1,0,0,3.2,559,580
21,-0.095238095,0.142857143,-0.106332139,-0.094578313,2.6,-0.491803279,-0.320754717,0.081632653,1.4,0.767824497,0.768595041,-0.429444444,0,0.048648649,0.066666667,-0.411563799,-0.514440433,0,-0.719481882,-0.219595883,0,0,0,1,0,0,0,0,0,0,0,0,0,1,0,1,0,0,0,0,0,0,0,0,0,0,0,0,0,1,0,0,1,0,0,0,0,0,1,0,0,3.6,574,598
22,-0.095238095,0.142857143,-0.106332139,-0.094578313,2.6,-0.491803279,-0.320754717,0.081632653,1.4,0.767824497,0.768595041,-0.429444444,0,0.048648649,0.066666667,-0.411563799,-0.514440433,0,-0.719481882,-0.203329521,0,0,0,1,0,0,0,0,0,0,0,0,0,1,0,1,0,0,0,0,0,0,0,0,0,0,0,0,0,1,0,0,1,0,0,0,0,0,1,0,0,3.9,582,601
23,-0.047619048,0.285714286,1.566308244,2.531927711,2,3.114754098,2.245283019,0.897959184,-0.066666667,11.37842779,11.3822314,-0.596111111,0,0.951351351,1.185185185,0.2057819,-0.514440433,0,0.548448154,-0.23128733,0,0,0,1,0,0,0,0,0,0,0,0,1,0,0,1,0,0,0,0,0,0,0,0,0,0,0,0,0,0,1,0,1,0,0,0,0,0,1,0,0,3.23,556,562
24,-0.047619048,0.285714286,1.566308244,2.531927711,2,3.114754098,2.245283019,0.897959184,-0.066666667,11.37842779,11.3822314,-0.596111111,0,0.951351351,1.185185185,0.2057819,-0.514440433,0,0.548448154,-0.212479349,0,0,0,1,0,0,0,0,0,0,0,0,1,0,0,1,0,0,0,0,0,0,0,0,0,0,0,0,0,0,1,0,1,0,0,0,0,0,1,0,0,3.61,570,577
25,-0.047619048,0.285714286,1.566308244,2.531927711,2,3.114754098,2.245283019,0.897959184,-0.066666667,11.37842779,11.3822314,-0.596111111,0,0.951351351,1.185185185,0.2057819,-0.514440433,0,0.548448154,-0.194688016,0,0,0,1,0,0,0,0,0,0,0,0,1,0,0,1,0,0,0,0,0,0,0,0,0,0,0,0,0,0,1,0,1,0,0,0,0,0,1,0,0,3.86,574,588
26,-0.047619048,0.285714286,1.566308244,2.531927711,2,3.114754098,2.245283019,0.897959184,-0.066666667,11.37842779,11.3822314,-0.596111111,0,0.951351351,1.185185185,0.2057819,-0.514440433,0,0.548448154,0.127080951,0,0,0,1,0,0,0,0,0,0,0,0,1,0,0,1,0,0,0,0,0,0,0,0,0,0,0,0,0,0,1,0,1,0,0,0,0,0,1,0,0,4.74,605,624
27,0.142857143,0,-0.345280765,-0.443975904,-0.2,-0.491803279,-0.349056604,-0.163265306,0,-0.204753199,-0.204545455,-0.207222222,0,0.502702703,0.62962963,-0.480157766,-0.157942238,0,-0.459510615,0.762485703,0,0,0,1,0,0,0,0,0,0,0,0,1,0,0,1,0,0,0,0,0,0,0,0,0,0,0,0,0,0,1,0,0,0,1,0,0,0,1,0,0,3.7,578,580
28,0.523809524,0.857142857,0.072879331,0.218674699,0,0.163934426,0.169811321,-0.081632653,0,0.255941499,0.256198347,0.292777778,27.21678322,2.410810811,2.985185185,-0.428712291,0.372743682,0,1.052427539,-0.203329521,0,0,0,1,0,0,0,0,0,0,0,0,0,1,0,0,0,0,0,0,0,1,0,0,0,0,0,0,0,0,1,0,0,0,0,0,1,0,1,0,0,3.7,577,600
29,0.523809524,0.857142857,0.072879331,0.218674699,0,0.163934426,0.169811321,-0.081632653,0,0.255941499,0.256198347,0.292777778,27.21678322,2.410810811,2.985185185,-0.428712291,0.372743682,0,1.052427539,-0.22061253,0,0,0,1,0,0,0,0,0,0,0,0,0,1,0,0,0,0,0,0,0,1,0,0,0,0,0,0,0,0,1,0,0,0,0,0,1,0,1,0,0,2.9,543,577
30,0.523809524,0.857142857,0.072879331,0.218674699,0,0.163934426,0.169811321,-0.081632653,0,0.255941499,0.256198347,0.292777778,27.21678322,2.410810811,2.985185185,-0.428712291,0.372743682,0,1.052427539,-0.237387216,0,0,0,1,0,0,0,0,0,0,0,0,0,1,0,0,0,0,0,0,0,1,0,0,0,0,0,0,0,0,1,0,0,0,0,0,1,0,1,0,0,2.69,530,547
31,0.523809524,0.857142857,0.072879331,0.218674699,0,0.163934426,0.169811321,-0.081632653,0,0.255941499,0.256198347,0.292777778,27.21678322,2.410810811,2.985185185,-0.428712291,0.372743682,0,1.052427539,8.184013216,0,0,0,1,0,0,0,0,0,0,0,0,0,1,0,0,0,0,0,0,0,1,0,0,0,0,0,0,0,0,1,0,0,0,0,0,1,0,1,0,0,2.39,506,505
32,-0.333333333,-0.571428571,-0.249701314,-0.323493976,3.4,1.93442623,1.443396226,1.224489796,0.006666667,-0.278244973,-0.276859504,17.68166667,0.405594406,0.502702703,0.62962963,0.240078883,0.19765343,0,-0.144162429,-0.249927564,0,0,0,1,0,0,0,0,0,0,0,0,1,0,0,0,0,0,0,0,0,1,0,0,0,0,0,0,0,0,1,0,0,0,1,0,0,0,1,0,0,2.22,473,488
33,-0.523809524,-1.142857143,-0.249701314,-0.323493976,3.4,1.93442623,1.443396226,1.224489796,0.006666667,-0.278244973,-0.276859504,17.68166667,0.405594406,0.502702703,0.62962963,0.240078883,0.19765343,0,-0.144162429,-0.249927564,0,0,0,1,0,0,0,0,0,0,0,0,1,0,0,0,0,0,0,0,0,1,0,0,0,0,0,0,0,0,1,0,0,0,1,0,0,0,1,0,0,1.9,459,477
34,-0.714285714,-1.714285714,-0.249701314,-0.323493976,3.4,1.93442623,1.443396226,1.224489796,0.006666667,-0.278244973,-0.276859504,17.68166667,0.405594406,0.502702703,0.62962963,0.240078883,0.19765343,0,-0.144162429,-0.249927564,0,0,0,1,0,0,0,0,0,0,0,0,1,0,0,0,0,0,0,0,0,1,0,0,0,0,0,0,0,0,1,0,0,0,1,0,0,0,1,0,0,1.8,440,459
35,-0.904761905,-2.285714286,-0.249701314,-0.323493976,3.4,1.93442623,1.443396226,1.224489796,0.006666667,-0.278244973,-0.276859504,17.68166667,0.405594406,0.502702703,0.62962963,0.240078883,0.19765343,0,-0.144162429,-0.249927564,0,0,0,1,0,0,0,0,0,0,0,0,1,0,0,0,0,0,0,0,0,1,0,0,0,0,0,0,0,0,1,0,0,0,1,0,0,0,1,0,0,1.6,427,454
36,0.333333333,-0.285714286,10.94504182,15.51987952,5.4,12.13114754,8.877358491,1.469387755,0.233333333,-0.402193784,-0.400826446,-0.818333333,0,10.83783784,13.37283951,-0.2057819,1.36101083,0,2.454143957,0,0,0,0,0,0,1,1,0,0,0,0,0,0,0,0,1,0,0,0,0,0,0,0,0,0,0,0,0,0,0,1,0,0,0,0,0,1,0,1,0,0,1.2,412,None
37,0.333333333,-0.285714286,10.94504182,15.51987952,5.4,12.13114754,8.877358491,1.469387755,0.233333333,-0.402193784,-0.400826446,-0.818333333,0,10.83783784,13.37283951,-0.2057819,1.36101083,0,2.454143957,0.02541619,0,0,0,0,0,1,1,0,0,0,0,0,0,0,0,1,0,0,0,0,0,0,0,0,0,0,0,0,0,0,1,0,0,0,0,0,1,0,1,0,0,1.6,461,None
38,0.333333333,-0.285714286,10.94504182,15.51987952,5.4,12.13114754,8.877358491,1.469387755,0.233333333,-0.402193784,-0.400826446,-0.818333333,0,10.83783784,13.37283951,-0.2057819,1.36101083,0,2.454143957,0.05083238,0,0,0,0,0,1,1,0,0,0,0,0,0,0,0,1,0,0,0,0,0,0,0,0,0,0,0,0,0,0,1,0,0,0,0,0,1,0,1,0,0,1.9,482,None
39,0.333333333,-0.285714286,10.94504182,15.51987952,5.4,12.13114754,8.877358491,1.469387755,0.233333333,-0.402193784,-0.400826446,-0.818333333,0,10.83783784,13.37283951,-0.2057819,1.36101083,0,2.454143957,0.07624857,0,0,0,0,0,1,1,0,0,0,0,0,0,0,0,1,0,0,0,0,0,0,0,0,0,0,0,0,0,0,1,0,0,0,0,0,1,0,1,0,0,2.3,519,None
40,0.333333333,-0.285714286,10.94504182,15.51987952,5.4,12.13114754,8.877358491,1.469387755,0.233333333,-0.402193784,-0.400826446,-0.818333333,0,10.83783784,13.37283951,-0.2057819,1.36101083,0,2.454143957,0.10166476,0,0,0,0,0,1,1,0,0,0,0,0,0,0,0,1,0,0,0,0,0,0,0,0,0,0,0,0,0,0,1,0,0,0,0,0,1,0,1,0,0,3.2,553,None
41,0.333333333,-0.285714286,10.94504182,15.51987952,5.4,12.13114754,8.877358491,1.469387755,0.233333333,-0.402193784,-0.400826446,-0.818333333,0,10.83783784,13.37283951,-0.2057819,1.36101083,0,2.454143957,0.127080951,0,0,0,0,0,1,1,0,0,0,0,0,0,0,0,1,0,0,0,0,0,0,0,0,0,0,0,0,0,0,1,0,0,0,0,0,1,0,1,0,0,3.7,571,None
42,0.333333333,-0.285714286,10.94504182,15.51987952,5.4,12.13114754,8.877358491,1.469387755,0.233333333,-0.402193784,-0.400826446,-0.818333333,0,10.83783784,13.37283951,-0.2057819,1.36101083,0,2.454143957,0.152497141,0,0,0,0,0,1,1,0,0,0,0,0,0,0,0,1,0,0,0,0,0,0,0,0,0,0,0,0,0,0,1,0,0,0,0,0,1,0,1,0,0,5.3,608,None
43,0.333333333,-0.285714286,10.94504182,15.51987952,5.4,12.13114754,8.877358491,1.469387755,0.233333333,-0.402193784,-0.400826446,-0.818333333,0,10.83783784,13.37283951,-0.2057819,1.36101083,0,2.454143957,0.177913331,0,0,0,0,0,1,1,0,0,0,0,0,0,0,0,1,0,0,0,0,0,0,0,0,0,0,0,0,0,0,1,0,0,0,0,0,1,0,1,0,0,5.1,641,None
44,0.333333333,-0.285714286,10.94504182,15.51987952,5.4,12.13114754,8.877358491,1.469387755,0.233333333,-0.402193784,-0.400826446,-0.818333333,0,10.83783784,13.37283951,-0.2057819,1.36101083,0,2.454143957,0.203329521,0,0,0,0,0,1,1,0,0,0,0,0,0,0,0,1,0,0,0,0,0,0,0,0,0,0,0,0,0,0,1,0,0,0,0,0,1,0,1,0,0,6.5,658,None
45,0.333333333,-0.285714286,10.94504182,15.51987952,5.4,12.13114754,8.877358491,1.469387755,0.233333333,-0.402193784,-0.400826446,-0.818333333,0,10.83783784,13.37283951,-0.2057819,1.36101083,0,2.454143957,0.228745711,0,0,0,0,0,1,1,0,0,0,0,0,0,0,0,1,0,0,0,0,0,0,0,0,0,0,0,0,0,0,1,0,0,0,0,0,1,0,1,0,0,8.3,681,None
46,0.333333333,-0.285714286,10.94504182,15.51987952,5.4,12.13114754,8.877358491,1.469387755,0.233333333,-0.402193784,-0.400826446,-0.818333333,0,10.83783784,13.37283951,-0.2057819,1.36101083,0,2.454143957,0.254161901,0,0,0,0,0,1,1,0,0,0,0,0,0,0,0,1,0,0,0,0,0,0,0,0,0,0,0,0,0,0,1,0,0,0,0,0,1,0,1,0,0,11.5,685,None
47,-0.19047619,-0.571428571,1.148148148,1.845180723,3.4,1.967213115,1.424528302,1.224489796,0.006666667,-0.277879342,-0.276859504,17.57055556,0.223776224,0.502702703,0.62962963,0.240078883,0.19765343,0,-0.131886008,-0.250095311,0,0,0,1,0,0,0,0,0,0,0,0,0,1,0,0,0,0,0,0,0,1,0,0,0,0,0,0,0,0,1,0,0,0,1,0,0,0,1,0,0,2.13,480,None
48,-0.19047619,-0.571428571,1.148148148,1.845180723,3.4,1.967213115,1.424528302,1.224489796,0.006666667,-0.277879342,-0.276859504,17.68166667,0.223776224,0.502702703,0.62962963,0.240078883,0.19765343,0,-0.131886008,-0.228745711,0,0,0,1,0,0,0,0,0,0,0,0,1,0,0,0,0,0,0,0,0,1,0,0,0,0,0,0,0,0,1,0,0,0,1,0,0,0,1,0,0,2.31,500,None
49,-0.19047619,-0.571428571,1.148148148,1.845180723,3.4,1.967213115,1.424528302,1.224489796,0.006666667,-0.277879342,-0.276859504,17.68166667,0.223776224,0.502702703,0.62962963,0.240078883,0.19765343,0,-0.131886008,-0.152497141,0,0,0,1,0,0,0,0,0,0,0,0,1,0,0,0,0,0,0,0,0,1,0,0,0,0,0,0,0,0,1,0,0,0,1,0,0,0,1,0,0,2.59,525,None
50,-0.19047619,-0.571428571,1.148148148,1.845180723,3.4,1.967213115,1.424528302,1.224489796,0.006666667,-0.277879342,-0.276859504,17.68166667,0.223776224,0.502702703,0.62962963,0.240078883,0.19765343,0,-0.131886008,0.152497141,0,0,0,1,0,0,0,0,0,0,0,0,1,0,0,0,0,0,0,0,0,1,0,0,0,0,0,0,0,0,1,0,0,0,1,0,0,0,1,0,0,2.84,550,None
51,-0.19047619,-0.571428571,1.148148148,1.845180723,3.4,1.967213115,1.424528302,1.224489796,0.006666667,-0.277879342,-0.276859504,17.68166667,0.223776224,0.502702703,0.62962963,0.240078883,0.19765343,0,-0.131886008,1.372474266,0,0,0,1,0,0,0,0,0,0,0,0,1,0,0,0,0,0,0,0,0,1,0,0,0,0,0,0,0,0,1,0,0,0,1,0,0,0,1,0,0,2.91,552,None
52,0.333333333,1.428571429,0.729988053,1.062048193,0.8,0.655737705,0.490566038,0.081632653,0.246666667,-0.402193784,-0.400826446,-0.818333333,13.98601399,0.054054054,0.074074074,0.240078883,0.763537906,0,0.632064643,0.660820943,0,0,0,0,0,1,1,0,0,0,0,0,0,0,0,0,0,0,0,0,0,1,0,0,0,0,0,0,0,0,1,0,0,0,0,0,1,0,1,0,0,3.9,520,535
53,0.333333333,1.428571429,0.729988053,1.062048193,0.8,0.655737705,0.490566038,0.081632653,0.246666667,-0.402193784,-0.400826446,-0.818333333,13.98601399,0.054054054,0.074074074,0.240078883,0.763537906,0,0.632064643,2.28745711,0,0,0,0,0,1,1,0,0,0,0,0,0,0,0,0,0,0,0,0,0,1,0,0,0,0,0,0,0,0,1,0,0,0,0,0,1,0,1,0,0,4.07,548,558
54,0.333333333,1.428571429,0.729988053,1.062048193,0.8,0.655737705,0.490566038,0.081632653,0.246666667,-0.402193784,-0.400826446,-0.818333333,13.98601399,0.054054054,0.074074074,0.240078883,0.763537906,0,0.632064643,4.829076121,0,0,0,0,0,1,1,0,0,0,0,0,0,0,0,0,0,0,0,0,0,1,0,0,0,0,0,0,0,0,1,0,0,0,0,0,1,0,1,0,0,4.19,570,580
55,0.333333333,1.428571429,0.729988053,1.062048193,0.8,0.655737705,0.490566038,0.081632653,0.246666667,-0.402193784,-0.400826446,-0.818333333,13.98601399,0.054054054,0.074074074,0.240078883,0.763537906,0,0.632064643,7.370695133,0,0,0,0,0,1,1,0,0,0,0,0,0,0,0,0,0,0,0,0,0,1,0,0,0,0,0,0,0,0,1,0,0,0,0,0,1,0,1,0,0,4.3,580,590
56,0.333333333,1.428571429,0.729988053,1.062048193,0.8,0.655737705,0.490566038,0.081632653,0.246666667,-0.402193784,-0.400826446,-0.818333333,13.98601399,0.054054054,0.074074074,0.240078883,0.763537906,0,0.632064643,9.912314144,0,0,0,0,0,1,1,0,0,0,0,0,0,0,0,0,0,0,0,0,0,1,0,0,0,0,0,0,0,0,1,0,0,0,0,0,1,0,1,0,0,4.39,595,600
57,0.333333333,1.428571429,0.729988053,1.062048193,0.8,0.655737705,0.490566038,0.081632653,0.246666667,-0.402193784,-0.400826446,-0.818333333,13.98601399,0.054054054,0.074074074,0.240078883,0.763537906,0,0.632064643,11.33562079,0,0,0,0,0,1,1,0,0,0,0,0,0,0,0,0,0,0,0,0,0,1,0,0,0,0,0,0,0,0,1,0,0,0,0,0,1,0,1,0,0,4.9,630,640
58,0.333333333,1.428571429,0.729988053,1.062048193,0.8,0.655737705,0.490566038,0.081632653,0.246666667,-0.402193784,-0.400826446,-0.818333333,13.98601399,0.054054054,0.074074074,0.240078883,0.763537906,0,0.632064643,12.45393316,0,0,0,0,0,1,1,0,0,0,0,0,0,0,0,0,0,0,0,0,0,1,0,0,0,0,0,0,0,0,1,0,0,0,0,0,1,0,1,0,0,5.05,640,650
59,-0.142857143,0,0.789725209,-0.203012048,-0.2,-0.327868852,-0.160377358,-0.163265306,0.006666667,-0.402193784,-0.400826446,-0.818333333,13.98601399,1.767567568,2.187654321,-0.463009274,-0.063176895,0,0.173694253,-0.245672894,0,0,0,0,1,0,1,0,0,0,0,0,0,0,0,0,0,0,0,0,0,0,0,0,1,0,0,0,0,1,0,0,0,0,0,0,1,0,1,0,0,1.92,460,470
60,-0.142857143,0,0.789725209,-0.203012048,-0.2,-0.327868852,-0.160377358,-0.163265306,0.006666667,-0.402193784,-0.400826446,-0.818333333,13.98601399,1.767567568,2.187654321,-0.463009274,-0.063176895,0,0.173694253,0,0,0,0,0,1,0,1,0,0,0,0,0,0,0,0,0,0,0,0,0,0,0,0,0,1,0,0,0,0,1,0,0,0,0,0,0,1,0,1,0,0,2.87,540,550
61,-0.142857143,0,0.789725209,-0.203012048,-0.2,-0.327868852,-0.160377358,-0.163265306,0.006666667,-0.402193784,-0.400826446,-0.818333333,13.98601399,1.767567568,2.187654321,-0.463009274,-0.063176895,0,0.173694253,0.508323802,0,0,0,0,1,0,1,0,0,0,0,0,0,0,0,0,0,0,0,0,0,0,0,0,1,0,0,0,0,1,0,0,0,0,0,0,1,0,1,0,0,3.02,550,565
62,-0.142857143,0,0.789725209,-0.203012048,-0.2,-0.327868852,-0.160377358,-0.163265306,0.006666667,-0.402193784,-0.400826446,-0.818333333,13.98601399,1.767567568,2.187654321,-0.463009274,-0.063176895,0,0.173694253,1.270809506,0,0,0,0,1,0,1,0,0,0,0,0,0,0,0,0,0,0,0,0,0,0,0,0,1,0,0,0,0,1,0,0,0,0,0,0,1,0,1,0,0,3.15,555,570
63,-0.142857143,0,0.789725209,-0.203012048,-0.2,-0.327868852,-0.160377358,-0.163265306,0.006666667,-0.402193784,-0.400826446,-0.818333333,13.98601399,1.767567568,2.187654321,-0.463009274,-0.063176895,0,0.173694253,2.795780912,0,0,0,0,1,0,1,0,0,0,0,0,0,0,0,0,0,0,0,0,0,0,0,0,1,0,0,0,0,1,0,0,0,0,0,0,1,0,1,0,0,3.38,565,575
64,-0.142857143,0,0.789725209,-0.203012048,-0.2,-0.327868852,-0.160377358,-0.163265306,0.006666667,-0.402193784,-0.400826446,-0.818333333,13.98601399,1.767567568,2.187654321,-0.463009274,-0.063176895,0,0.173694253,8.89566654,0,0,0,0,1,0,1,0,0,0,0,0,0,0,0,0,0,0,0,0,0,0,0,0,1,0,0,0,0,1,0,0,0,0,0,0,1,0,1,0,0,3.57,580,580
65,0.142857143,0.857142857,0.192353644,0.39939759,0.4,-0.163934426,-0.066037736,-0.163265306,0.68,0,0,1.459444444,0,-0.394594595,-0.479012346,-0.514454749,0.909747292,0,0.343207681,-0.25263693,0,0,0,1,0,0,0,0,0,0,0,1,0,0,0,1,0,0,0,0,0,0,0,0,0,0,0,1,0,0,0,0,0,0,1,0,0,0,1,0,0,1.3,410,435
66,0.142857143,0.857142857,0.192353644,0.39939759,0.4,-0.163934426,-0.066037736,-0.163265306,0.68,0,0,1.459444444,0,-0.394594595,-0.479012346,-0.514454749,0.909747292,0,0.343207681,-0.250095311,0,0,0,1,0,0,0,0,0,0,0,1,0,0,0,1,0,0,0,0,0,0,0,0,0,0,0,1,0,0,0,0,0,0,1,0,0,0,1,0,0,1.7,435,455
67,0.142857143,0.857142857,0.192353644,0.39939759,0.4,-0.163934426,-0.066037736,-0.163265306,0.68,0,0,1.459444444,0,-0.394594595,-0.479012346,-0.514454749,0.909747292,0,0.343207681,-0.245520396,0,0,0,1,0,0,0,0,0,0,0,1,0,0,0,1,0,0,0,0,0,0,0,0,0,0,0,1,0,0,0,0,0,0,1,0,0,0,1,0,0,2.1,470,480
68,0.142857143,0.857142857,0.192353644,0.39939759,0.4,-0.163934426,-0.066037736,-0.163265306,0.68,0,0,1.459444444,0,-0.394594595,-0.479012346,-0.514454749,0.909747292,0,0.343207681,-0.237387216,0,0,0,1,0,0,0,0,0,0,0,1,0,0,0,1,0,0,0,0,0,0,0,0,0,0,0,1,0,0,0,0,0,0,1,0,0,0,1,0,0,2.5,490,515
69,0.142857143,0.857142857,0.192353644,0.39939759,0.4,-0.163934426,-0.066037736,-0.163265306,0.68,0,0,1.459444444,0,-0.394594595,-0.479012346,-0.514454749,0.909747292,0,0.343207681,-0.228745711,0,0,0,1,0,0,0,0,0,0,0,1,0,0,0,1,0,0,0,0,0,0,0,0,0,0,0,1,0,0,0,0,0,0,1,0,0,0,1,0,0,2.8,508,525
70,0.142857143,0.857142857,0.192353644,0.39939759,0.4,-0.163934426,-0.066037736,-0.163265306,0.68,0,0,1.459444444,0,-0.394594595,-0.479012346,-0.514454749,0.909747292,0,0.343207681,-0.220104206,0,0,0,1,0,0,0,0,0,0,0,1,0,0,0,1,0,0,0,0,0,0,0,0,0,0,0,1,0,0,0,0,0,0,1,0,0,0,1,0,0,2.9,512,528
71,0.142857143,0.857142857,0.192353644,0.39939759,0.4,-0.163934426,-0.066037736,-0.163265306,0.68,0,0,1.459444444,0,-0.394594595,-0.479012346,-0.514454749,0.909747292,0,0.343207681,-0.211971026,0,0,0,1,0,0,0,0,0,0,0,1,0,0,0,1,0,0,0,0,0,0,0,0,0,0,0,1,0,0,0,0,0,0,1,0,0,0,1,0,0,3.1,520,530
72,0.142857143,0.857142857,0.192353644,0.39939759,0.4,-0.163934426,-0.066037736,-0.163265306,0.68,0,0,1.459444444,0,-0.394594595,-0.479012346,-0.514454749,0.909747292,0,0.343207681,-0.203329521,0,0,0,1,0,0,0,0,0,0,0,1,0,0,0,1,0,0,0,0,0,0,0,0,0,0,0,1,0,0,0,0,0,0,1,0,0,0,1,0,0,3.3,523,535
73,0.142857143,0.857142857,0.192353644,0.39939759,0.4,-0.163934426,-0.066037736,-0.163265306,0.68,0,0,1.459444444,0,-0.394594595,-0.479012346,-0.514454749,0.909747292,0,0.343207681,-0.10166476,0,0,0,1,0,0,0,0,0,0,0,1,0,0,0,1,0,0,0,0,0,0,0,0,0,0,0,1,0,0,0,0,0,0,1,0,0,0,1,0,0,3.8,535,550
74,0.142857143,0.857142857,0.192353644,0.39939759,0.4,-0.163934426,-0.066037736,-0.163265306,0.68,0,0,1.459444444,0,-0.394594595,-0.479012346,-0.514454749,0.909747292,0,0.343207681,0,0,0,0,1,0,0,0,0,0,0,0,1,0,0,0,1,0,0,0,0,0,0,0,0,0,0,0,1,0,0,0,0,0,0,1,0,0,0,1,0,0,4.2,560,570
75,0.142857143,0.857142857,0.192353644,0.39939759,0.4,-0.163934426,-0.066037736,-0.163265306,0.68,0,0,1.459444444,0,-0.394594595,-0.479012346,-0.514454749,0.909747292,0,0.343207681,0.254161901,0,0,0,1,0,0,0,0,0,0,0,1,0,0,0,1,0,0,0,0,0,0,0,0,0,0,0,1,0,0,0,0,0,0,1,0,0,0,1,0,0,4.6,575,580
76,0.142857143,0.857142857,0.192353644,0.39939759,0.4,-0.163934426,-0.066037736,-0.163265306,0.68,0,0,1.459444444,0,-0.394594595,-0.479012346,-0.514454749,0.909747292,0,0.343207681,1.779133308,0,0,0,1,0,0,0,0,0,0,0,1,0,0,0,1,0,0,0,0,0,0,0,0,0,0,0,1,0,0,0,0,0,0,1,0,0,0,1,0,0,4.7,587,595
77,-1.857142857,-2.285714286,0.371565114,0.110240964,0,-0.491803279,-0.273584906,-0.244897959,1.36,0.255941499,0.254132231,0.181666667,0,-0.308108108,-0.37037037,0.188633408,0.837545126,0,0.321923483,-0.10166476,1,0,0,0,0,0,0,0,0,0,0,0,1,0,0,1,0,0,0,0,0,0,0,0,0,0,0,0,0,1,0,0,0,0,0,1,0,1,0,0,0,2.1208,475,507
78,-1.857142857,-2.285714286,0.371565114,0.110240964,0,-0.491803279,-0.273584906,-0.244897959,1.36,0.255941499,0.254132231,0.181666667,0,-0.308108108,-0.37037037,0.188633408,0.837545126,0,0.321923483,0.10166476,1,0,0,0,0,0,0,0,0,0,0,0,1,0,0,1,0,0,0,0,0,0,0,0,0,0,0,0,0,1,0,0,0,0,0,1,0,1,0,0,0,2.25,490,542
79,-1.857142857,-2.285714286,0.371565114,0.110240964,0,-0.491803279,-0.273584906,-0.244897959,1.36,0.255941499,0.254132231,0.181666667,0,-0.308108108,-0.37037037,0.188633408,0.837545126,0,0.321923483,0.559156182,1,0,0,0,0,0,0,0,0,0,0,0,1,0,0,1,0,0,0,0,0,0,0,0,0,0,0,0,0,1,0,0,0,0,0,1,0,1,0,0,0,2.299,495,525
80,-1.857142857,-2.285714286,0.371565114,0.110240964,0,-0.491803279,-0.273584906,-0.244897959,1.36,0.255941499,0.254132231,0.181666667,0,-0.308108108,-0.37037037,0.188633408,0.837545126,0,0.321923483,0.965815224,1,0,0,0,0,0,0,0,0,0,0,0,1,0,0,1,0,0,0,0,0,0,0,0,0,0,0,0,0,1,0,0,0,0,0,1,0,1,0,0,0,2.4065,505,530
81,-1.857142857,-2.285714286,0.371565114,0.110240964,0,-0.491803279,-0.273584906,-0.244897959,1.36,0.255941499,0.254132231,0.181666667,0,-0.308108108,-0.37037037,0.188633408,0.837545126,0,0.321923483,1.575803787,1,0,0,0,0,0,0,0,0,0,0,0,1,0,0,1,0,0,0,0,0,0,0,0,0,0,0,0,0,1,0,0,0,0,0,1,0,1,0,0,0,2.4527,510,535
82,-1.857142857,-2.285714286,0.371565114,0.110240964,0,-0.491803279,-0.273584906,-0.244897959,1.36,0.255941499,0.254132231,0.181666667,0,-0.308108108,-0.37037037,0.188633408,0.837545126,0,0.321923483,2.28745711,1,0,0,0,0,0,0,0,0,0,0,0,1,0,0,1,0,0,0,0,0,0,0,0,0,0,0,0,0,1,0,0,0,0,0,1,0,1,0,0,0,2.4664,512,540
83,-1.857142857,-3.142857143,0.371565114,0.110240964,0,-0.491803279,-0.273584906,-0.244897959,1.36,0.255941499,0.254132231,0.181666667,0,-0.308108108,-0.37037037,0.188633408,0.837545126,0,0.321923483,-0.10166476,1,0,0,0,0,0,0,0,0,0,0,0,1,0,0,1,0,0,0,0,0,0,0,0,0,0,0,0,0,1,0,0,0,0,0,1,0,1,0,0,0,1.9138,445,490
84,-1.857142857,-3.142857143,0.371565114,0.110240964,0,-0.491803279,-0.273584906,-0.244897959,1.36,0.255941499,0.254132231,0.181666667,0,-0.308108108,-0.37037037,0.188633408,0.837545126,0,0.321923483,0.10166476,1,0,0,0,0,0,0,0,0,0,0,0,1,0,0,1,0,0,0,0,0,0,0,0,0,0,0,0,0,1,0,0,0,0,0,1,0,1,0,0,0,2.0272,460,500
85,-1.857142857,-3.142857143,0.371565114,0.110240964,0,-0.491803279,-0.273584906,-0.244897959,1.36,0.255941499,0.254132231,0.181666667,0,-0.308108108,-0.37037037,0.188633408,0.837545126,0,0.321923483,0.559156182,1,0,0,0,0,0,0,0,0,0,0,0,1,0,0,1,0,0,0,0,0,0,0,0,0,0,0,0,0,1,0,0,0,0,0,1,0,1,0,0,0,2.1516,477,505
86,-1.857142857,-3.142857143,0.371565114,0.110240964,0,-0.491803279,-0.273584906,-0.244897959,1.36,0.255941499,0.254132231,0.181666667,0,-0.308108108,-0.37037037,0.188633408,0.837545126,0,0.321923483,0.965815224,1,0,0,0,0,0,0,0,0,0,0,0,1,0,0,1,0,0,0,0,0,0,0,0,0,0,0,0,0,1,0,0,0,0,0,1,0,1,0,0,0,2.2015,480,513
87,-1.857142857,-3.142857143,0.371565114,0.110240964,0,-0.491803279,-0.273584906,-0.244897959,1.36,0.255941499,0.254132231,0.181666667,0,-0.308108108,-0.37037037,0.188633408,0.837545126,0,0.321923483,1.575803787,1,0,0,0,0,0,0,0,0,0,0,0,1,0,0,1,0,0,0,0,0,0,0,0,0,0,0,0,0,1,0,0,0,0,0,1,0,1,0,0,0,2.2939,495,521
88,-1.857142857,-3.142857143,0.371565114,0.110240964,0,-0.491803279,-0.273584906,-0.244897959,1.36,0.255941499,0.254132231,0.181666667,0,-0.308108108,-0.37037037,0.188633408,0.837545126,0,0.321923483,2.28745711,1,0,0,0,0,0,0,0,0,0,0,0,1,0,0,1,0,0,0,0,0,0,0,0,0,0,0,0,0,1,0,0,0,0,0,1,0,1,0,0,0,2.3523,503,525
89,-1.857142857,-4,0.371565114,0.110240964,0,-0.491803279,-0.273584906,-0.244897959,1.36,0.255941499,0.254132231,0.181666667,0,-0.308108108,-0.37037037,0.188633408,0.837545126,0,0.321923483,0.10166476,1,0,0,0,0,0,0,0,0,0,0,0,1,0,0,1,0,0,0,0,0,0,0,0,0,0,0,0,0,1,0,0,0,0,0,1,0,1,0,0,0,1.7075,None,485
90,-1.857142857,-4,0.371565114,0.110240964,0,-0.491803279,-0.273584906,-0.244897959,1.36,0.255941499,0.254132231,0.181666667,0,-0.308108108,-0.37037037,0.188633408,0.837545126,0,0.321923483,0.559156182,1,0,0,0,0,0,0,0,0,0,0,0,1,0,0,1,0,0,0,0,0,0,0,0,0,0,0,0,0,1,0,0,0,0,0,1,0,1,0,0,0,1.9458,455,490
91,-1.857142857,-4,0.371565114,0.110240964,0,-0.491803279,-0.273584906,-0.244897959,1.36,0.255941499,0.254132231,0.181666667,0,-0.308108108,-0.37037037,0.188633408,0.837545126,0,0.321923483,0.965815224,1,0,0,0,0,0,0,0,0,0,0,0,1,0,0,1,0,0,0,0,0,0,0,0,0,0,0,0,0,1,0,0,0,0,0,1,0,1,0,0,0,2.0144,460,495
92,-1.857142857,-4,0.371565114,0.110240964,0,-0.491803279,-0.273584906,-0.244897959,1.36,0.255941499,0.254132231,0.181666667,0,-0.308108108,-0.37037037,0.188633408,0.837545126,0,0.321923483,1.575803787,1,0,0,0,0,0,0,0,0,0,0,0,1,0,0,1,0,0,0,0,0,0,0,0,0,0,0,0,0,1,0,0,0,0,0,1,0,1,0,0,0,2.0673,465,497
93,-1.857142857,-4,0.371565114,0.110240964,0,-0.491803279,-0.273584906,-0.244897959,1.36,0.255941499,0.254132231,0.181666667,0,-0.308108108,-0.37037037,0.188633408,0.837545126,0,0.321923483,2.28745711,1,0,0,0,0,0,0,0,0,0,0,0,1,0,0,1,0,0,0,0,0,0,0,0,0,0,0,0,0,1,0,0,0,0,0,1,0,1,0,0,0,2.0995,470,500
94,0.333333333,-0.571428571,-0.046594982,0.001807229,-0.2,0,0,-0.163265306,0,0.68738574,0.688016529,-0.318333333,0,0.232432432,0.29382716,-0.257227374,1.037906137,0.6,0.65410899,-0.245520396,0,0,0,1,0,0,0,0,0,0,0,0,1,0,0,1,0,0,0,0,0,0,0,0,0,0,0,0,0,0,1,0,0,0,1,0,0,0,0,1,0,2.4731,491,504
95,0.333333333,-0.571428571,-0.046594982,0.001807229,-0.2,0,0,-0.163265306,0,0.68738574,0.688016529,-0.318333333,0,0.232432432,0.29382716,-0.257227374,1.037906137,0.6,0.65410899,-0.228745711,0,0,0,1,0,0,0,0,0,0,0,0,1,0,0,1,0,0,0,0,0,0,0,0,0,0,0,0,0,0,1,0,0,0,1,0,0,0,0,1,0,2.9895,537,547
96,0.333333333,-0.571428571,-0.046594982,0.001807229,-0.2,0,0,-0.163265306,0,0.68738574,0.688016529,-0.318333333,0,0.232432432,0.29382716,-0.257227374,1.037906137,0.6,0.65410899,-0.203329521,0,0,0,1,0,0,0,0,0,0,0,0,1,0,0,1,0,0,0,0,0,0,0,0,0,0,0,0,0,0,1,0,0,0,1,0,0,0,0,1,0,3.3729,553,563
97,0.333333333,-0.571428571,-0.046594982,0.001807229,-0.2,0,0,-0.163265306,0,0.68738574,0.688016529,-0.318333333,0,0.232432432,0.29382716,-0.257227374,1.037906137,0.6,0.65410899,-0.10166476,0,0,0,1,0,0,0,0,0,0,0,0,1,0,0,1,0,0,0,0,0,0,0,0,0,0,0,0,0,0,1,0,0,0,1,0,0,0,0,1,0,3.6857,565,575
98,0.333333333,-0.571428571,-0.046594982,0.001807229,-0.2,0,0,-0.163265306,0,0.68738574,0.688016529,-0.318333333,0,0.232432432,0.29382716,-0.257227374,1.037906137,0.6,0.65410899,0,0,0,0,1,0,0,0,0,0,0,0,0,1,0,0,1,0,0,0,0,0,0,0,0,0,0,0,0,0,0,1,0,0,0,1,0,0,0,0,1,0,3.8215,568,578
99,0.333333333,-0.571428571,-0.046594982,0.001807229,-0.2,0,0,-0.163265306,0,0.68738574,0.688016529,-0.318333333,0,0.232432432,0.29382716,-0.257227374,1.037906137,0.6,0.65410899,0.254161901,0,0,0,1,0,0,0,0,0,0,0,0,1,0,0,1,0,0,0,0,0,0,0,0,0,0,0,0,0,0,1,0,0,0,1,0,0,0,0,1,0,3.8785,570,583
100,0.333333333,-0.571428571,-0.046594982,0.001807229,-0.2,0,0,-0.163265306,0,0.68738574,0.688016529,-0.318333333,0,0.232432432,0.29382716,-0.257227374,1.037906137,0.6,0.65410899,0.762485703,0,0,0,1,0,0,0,0,0,0,0,0,1,0,0,1,0,0,0,0,0,0,0,0,0,0,0,0,0,0,1,0,0,0,1,0,0,0,0,1,0,4.0901,575,586
101,0.333333333,-0.571428571,-0.046594982,0.001807229,-0.2,0,0,-0.163265306,0,0.68738574,0.688016529,-0.318333333,0,-0.394594595,-0.479012346,-0.514454749,1.137184116,0.6,0.649548091,-0.245520396,0,0,0,1,0,0,0,0,0,0,0,0,1,0,0,1,0,0,0,0,0,0,0,0,0,0,0,1,0,0,0,0,0,0,1,0,0,0,0,1,0,2.34,472,498
102,0.333333333,-0.571428571,-0.046594982,0.001807229,-0.2,0,0,-0.163265306,0,0.68738574,0.688016529,-0.318333333,0,-0.394594595,-0.479012346,-0.514454749,1.137184116,0.6,0.649548091,-0.228745711,0,0,0,1,0,0,0,0,0,0,0,0,1,0,0,1,0,0,0,0,0,0,0,0,0,0,0,1,0,0,0,0,0,0,1,0,0,0,0,1,0,2.7943,519,537
103,0.333333333,-0.571428571,-0.046594982,0.001807229,-0.2,0,0,-0.163265306,0,0.68738574,0.688016529,-0.318333333,0,-0.394594595,-0.479012346,-0.514454749,1.137184116,0.6,0.649548091,-0.203329521,0,0,0,1,0,0,0,0,0,0,0,0,1,0,0,1,0,0,0,0,0,0,0,0,0,0,0,1,0,0,0,0,0,0,1,0,0,0,0,1,0,2.9968,532,547
104,0.333333333,-0.571428571,-0.046594982,0.001807229,-0.2,0,0,-0.163265306,0,0.68738574,0.688016529,-0.318333333,0,-0.394594595,-0.479012346,-0.514454749,1.137184116,0.6,0.649548091,0,0,0,0,1,0,0,0,0,0,0,0,0,1,0,0,1,0,0,0,0,0,0,0,0,0,0,0,1,0,0,0,0,0,0,1,0,0,0,0,1,0,3.161,542,555
105,0.333333333,-0.571428571,-0.046594982,0.001807229,-0.2,0,0,-0.163265306,0,0.68738574,0.688016529,-0.318333333,0,-0.394594595,-0.479012346,-0.514454749,1.137184116,0.6,0.649548091,0.762485703,0,0,0,1,0,0,0,0,0,0,0,0,1,0,0,1,0,0,0,0,0,0,0,0,0,0,0,1,0,0,0,0,0,0,1,0,0,0,0,1,0,3.125,550,566
106,0.333333333,-0.571428571,-0.046594982,0.001807229,-0.2,0,0,-0.163265306,0,0.68738574,0.688016529,-0.318333333,0,-0.390540541,-0.474074074,39.78450058,1.136281588,0.6,0.649548091,0.762485703,0,0,0,1,0,0,0,0,0,0,0,0,1,0,0,1,0,0,0,0,0,0,0,0,0,0,0,0,0,0,1,0,0,0,1,0,0,0,0,1,0,3.25,560,None
107,0.333333333,-0.571428571,-0.046594982,0.001807229,-0.2,0,0,-0.163265306,0,0.68738574,0.688016529,-0.318333333,0,-0.386486486,-0.469135802,19.63502292,1.135830325,0.6,0.649548091,0.762485703,0,0,0,1,0,0,0,0,0,0,0,0,1,0,0,1,0,0,0,0,0,0,0,0,0,0,0,0,0,0,1,0,0,0,1,0,0,0,0,1,0,3.625,573,None
108,0.333333333,-0.571428571,-0.046594982,0.001807229,-0.2,0,0,-0.163265306,0,0.68738574,0.688016529,-0.318333333,0,-0.383783784,-0.465432099,14.13971083,1.135379061,0.6,0.649548091,0.762485703,0,0,0,1,0,0,0,0,0,0,0,0,1,0,0,1,0,0,0,0,0,0,0,0,0,0,0,0,0,0,1,0,0,0,1,0,0,0,0,1,0,3.8,580,None
109,0.333333333,-0.571428571,-0.046594982,0.001807229,-0.2,0,0,-0.163265306,0,0.68738574,0.688016529,-0.318333333,0,-0.37027027,-0.449382716,6.202037807,1.112815884,0.6,0.649548091,0.762485703,0,0,0,1,0,0,0,0,0,0,0,0,1,0,0,1,0,0,0,0,0,0,0,0,0,0,0,0,0,0,1,0,0,0,1,0,0,0,0,1,0,5.25,611,None
110,0.333333333,-0.571428571,-0.046594982,0.001807229,-0.2,0,0,-0.163265306,0,0.68738574,0.688016529,-0.318333333,0,-0.394594595,-0.479012346,-0.514454749,2.003610108,0,1.333683002,-0.245520396,0,0,0,1,0,0,0,0,0,0,0,0,1,0,0,1,0,0,0,0,0,0,0,0,0,0,0,1,0,0,0,0,0,0,1,0,0,0,1,0,0,2.5094,501,511
111,0.333333333,-0.571428571,-0.046594982,0.001807229,-0.2,0,0,-0.163265306,0,0.68738574,0.688016529,-0.318333333,0,-0.394594595,-0.479012346,-0.514454749,2.003610108,0,1.333683002,-0.228745711,0,0,0,1,0,0,0,0,0,0,0,0,1,0,0,1,0,0,0,0,0,0,0,0,0,0,0,1,0,0,0,0,0,0,1,0,0,0,1,0,0,2.9639,532,542
112,0.333333333,-0.571428571,-0.046594982,0.001807229,-0.2,0,0,-0.163265306,0,0.68738574,0.688016529,-0.318333333,0,-0.394594595,-0.479012346,-0.514454749,2.003610108,0,1.333683002,-0.203329521,0,0,0,1,0,0,0,0,0,0,0,0,1,0,0,1,0,0,0,0,0,0,0,0,0,0,0,1,0,0,0,0,0,0,1,0,0,0,1,0,0,3.2593,542,558
113,0.333333333,-0.571428571,-0.046594982,0.001807229,-0.2,0,0,-0.163265306,0,0.68738574,0.688016529,-0.318333333,0,-0.394594595,-0.479012346,-0.514454749,2.003610108,0,1.333683002,-0.10166476,0,0,0,1,0,0,0,0,0,0,0,0,1,0,0,1,0,0,0,0,0,0,0,0,0,0,0,1,0,0,0,0,0,0,1,0,0,0,1,0,0,3.6297,555,573
114,0.333333333,-0.571428571,-0.046594982,0.001807229,-0.2,0,0,-0.163265306,0,0.68738574,0.688016529,-0.318333333,0,-0.394594595,-0.479012346,-0.514454749,2.003610108,0,1.333683002,0,0,0,0,1,0,0,0,0,0,0,0,0,1,0,0,1,0,0,0,0,0,0,0,0,0,0,0,1,0,0,0,0,0,0,1,0,0,0,1,0,0,3.7911,558,578
115,0.333333333,-0.571428571,-0.046594982,0.001807229,-0.2,0,0,-0.163265306,0,0.68738574,0.688016529,-0.318333333,0,-0.394594595,-0.479012346,-0.514454749,2.003610108,0,1.333683002,0.254161901,0,0,0,1,0,0,0,0,0,0,0,0,1,0,0,1,0,0,0,0,0,0,0,0,0,0,0,1,0,0,0,0,0,0,1,0,0,0,1,0,0,3.9063,560,581
116,0.333333333,-0.571428571,-0.046594982,0.001807229,-0.2,0,0,-0.163265306,0,0.68738574,0.688016529,-0.318333333,0,-0.394594595,-0.479012346,-0.514454749,2.003610108,0,1.333683002,0.762485703,0,0,0,1,0,0,0,0,0,0,0,0,1,0,0,1,0,0,0,0,0,0,0,0,0,0,0,1,0,0,0,0,0,0,1,0,0,0,1,0,0,4.0278,563,584
117,0.619047619,2.285714286,0.359617682,0.640361446,0.6,1.932786885,1.443396226,0.653061224,-0.333333333,-0.036563071,0.012396694,-0.151666667,11.18881119,2.902702703,6.965432099,-0.400760249,0.027075812,0,0.375894126,-0.247553692,0,0,0,1,0,0,0,0,1,0,0,0,0,0,0,0,0,0,0,0,0,1,0,0,0,0,0,0,0,1,0,0,0,0,0,0,1,0,1,0,0,1.7,409,440
118,-0.333333333,-0.571428571,2.641577061,4.218674699,0.2,1.932786885,1.443396226,-0.163265306,0.66,4.716636197,4.719008264,0.626111111,0,-0.005405405,0,1.253383253,7.490974729,0,6.472296337,-0.22061253,0,0,0,1,0,0,0,0,0,0,0,0,1,0,0,1,0,0,0,0,0,0,0,0,0,0,0,0,0,0,1,0,0,0,1,0,0,0,1,0,0,2.3,497,None
119,-0.333333333,-0.571428571,2.641577061,4.218674699,0.2,1.932786885,1.443396226,-0.163265306,0.66,4.716636197,4.719008264,0.626111111,0,-0.005405405,0,1.253383253,7.490974729,0,6.472296337,0.762485703,0,0,0,1,0,0,0,0,0,0,0,0,1,0,0,1,0,0,0,0,0,0,0,0,0,0,0,0,0,0,1,0,0,0,1,0,0,0,1,0,0,2.7,528,None
120,-0.333333333,-0.571428571,2.641577061,4.218674699,0.2,1.932786885,1.443396226,-0.163265306,0.66,4.716636197,4.719008264,0.626111111,0,-0.005405405,0,1.253383253,7.490974729,0,6.472296337,1.270809506,0,0,0,1,0,0,0,0,0,0,0,0,1,0,0,1,0,0,0,0,0,0,0,0,0,0,0,0,0,0,1,0,0,0,1,0,0,0,1,0,0,2.9,543,None
121,-0.333333333,-0.571428571,2.641577061,4.218674699,0.2,1.932786885,1.443396226,-0.163265306,0.66,4.716636197,4.719008264,0.626111111,0,-0.005405405,0,1.253383253,7.490974729,0,6.472296337,1.779133308,0,0,0,1,0,0,0,0,0,0,0,0,1,0,0,1,0,0,0,0,0,0,0,0,0,0,0,0,0,0,1,0,0,0,1,0,0,0,1,0,0,3.5,568,None
122,-0.333333333,-0.571428571,2.641577061,4.218674699,0.2,1.932786885,1.443396226,-0.163265306,0.66,4.716636197,4.719008264,0.626111111,0,-0.005405405,0,1.253383253,7.490974729,0,6.472296337,2.28745711,0,0,0,1,0,0,0,0,0,0,0,0,1,0,0,1,0,0,0,0,0,0,0,0,0,0,0,0,0,0,1,0,0,0,1,0,0,0,1,0,0,4.5,608,None
123,0.238095238,1.142857143,-0.327359618,-0.443975904,-0.4,-0.524590164,-0.347830189,-0.244897959,0,0.555758684,0.55785124,1.292777778,0,0.145945946,0.187654321,-0.450147905,0.379963899,0,0.022424422,-0.249942814,0,0,0,1,0,0,0,0,0,0,0,0,1,0,0,1,0,0,0,0,0,0,0,0,0,0,0,0,0,0,1,0,0,0,1,0,0,0,1,0,0,2.28,508,523
124,0.238095238,1.142857143,-0.327359618,-0.443975904,-0.4,-0.524590164,-0.347830189,-0.244897959,0,0.555758684,0.55785124,1.292777778,0,0.145945946,0.187654321,-0.450147905,0.379963899,0,0.022424422,-0.245723726,0,0,0,1,0,0,0,0,0,0,0,0,1,0,0,1,0,0,0,0,0,0,0,0,0,0,0,0,0,0,1,0,0,0,1,0,0,0,1,0,0,2.72,None,563
125,0.238095238,1.142857143,-0.327359618,-0.443975904,-0.4,-0.524590164,-0.347830189,-0.244897959,0,0.555758684,0.55785124,1.292777778,0,0.145945946,0.187654321,-0.450147905,0.379963899,0,0.022424422,-0.241453806,0,0,0,1,0,0,0,0,0,0,0,0,1,0,0,1,0,0,0,0,0,0,0,0,0,0,0,0,0,0,1,0,0,0,1,0,0,0,1,0,0,2.85,None,577
126,0.238095238,1.142857143,-0.327359618,-0.443975904,-0.4,-0.524590164,-0.347830189,-0.244897959,0,0.555758684,0.55785124,1.292777778,0,0.145945946,0.187654321,-0.450147905,0.379963899,0,0.022424422,-0.203329521,0,0,0,1,0,0,0,0,0,0,0,0,1,0,0,1,0,0,0,0,0,0,0,0,0,0,0,0,0,0,1,0,0,0,1,0,0,0,1,0,0,3.28,585,604
127,0.238095238,1.142857143,-0.327359618,-0.443975904,-0.4,-0.524590164,-0.347830189,-0.244897959,0,0.555758684,0.55785124,1.292777778,0,0.145945946,0.187654321,-0.450147905,0.379963899,0,0.022424422,-0.10166476,0,0,0,1,0,0,0,0,0,0,0,0,1,0,0,1,0,0,0,0,0,0,0,0,0,0,0,0,0,0,1,0,0,0,1,0,0,0,1,0,0,3.33,None,610
128,0.238095238,1.142857143,-0.327359618,-0.443975904,-0.4,-0.524590164,-0.347830189,-0.244897959,0,0.555758684,0.55785124,1.292777778,0,0.145945946,0.187654321,-0.450147905,0.379963899,0,0.022424422,0.152497141,0,0,0,1,0,0,0,0,0,0,0,0,1,0,0,1,0,0,0,0,0,0,0,0,0,0,0,0,0,0,1,0,0,0,1,0,0,0,1,0,0,3.62,None,625
129,-0.333333333,-0.571428571,2.641577061,4.218674699,0.134,0.983606557,0.783018868,-0.228571429,1.3692,3.648994516,3.648760331,0.307222222,0,-0.124324324,-0.145679012,1.136944995,8.637184116,0,7.305420629,-0.177913331,0,0,0,1,0,0,0,0,0,0,0,0,1,0,0,1,0,0,0,0,0,0,0,0,0,0,0,0,0,0,1,0,0,0,1,0,0,0,1,0,0,2.5,524,544
130,-0.142857143,0,2.641577061,4.218674699,0.134,0.983606557,0.783018868,-0.228571429,1.3692,3.648994516,3.648760331,0.307222222,0,-0.124324324,-0.145679012,1.136944995,8.637184116,0,7.305420629,-0.177913331,0,0,0,1,0,0,0,0,0,0,0,0,1,0,0,1,0,0,0,0,0,0,0,0,0,0,0,0,0,0,1,0,0,0,1,0,0,0,1,0,0,3,555,577
131,0.047619048,0.571428571,2.641577061,4.218674699,0.134,0.983606557,0.783018868,-0.228571429,1.3692,3.648994516,3.648760331,0.307222222,0,-0.124324324,-0.145679012,1.136944995,8.637184116,0,7.305420629,-0.177913331,0,0,0,1,0,0,0,0,0,0,0,0,1,0,0,1,0,0,0,0,0,0,0,0,0,0,0,0,0,0,1,0,0,0,1,0,0,0,1,0,0,4,592,610
132,0.238095238,1.142857143,2.641577061,4.218674699,0.134,0.983606557,0.783018868,-0.228571429,1.3692,3.648994516,3.648760331,0.307222222,0,-0.124324324,-0.145679012,1.136944995,8.637184116,0,7.305420629,-0.177913331,0,0,0,1,0,0,0,0,0,0,0,0,1,0,0,1,0,0,0,0,0,0,0,0,0,0,0,0,0,0,1,0,0,0,1,0,0,0,1,0,0,4.5,603,625
133,0.523809524,1.142857143,-0.327359618,-0.443975904,-0.266,0.639344262,0.5,1.032653061,-0.6,-0.318829982,-0.318181818,0.570555556,10.12867133,-0.265945946,-0.187654321,0.938879917,-0.339350181,0,-0.451551846,-0.249942814,0,0,0,1,0,0,0,0,0,0,0,0,0,1,0,0,0,0,1,0,0,0,0,0,0,0,0,0,0,1,0,0,0,0,0,0,1,0,1,0,0,2.28,495,509
134,0.523809524,1.142857143,-0.327359618,-0.443975904,-0.266,0.639344262,0.5,1.032653061,-0.6,-0.318829982,-0.318181818,0.570555556,10.12867133,-0.265945946,-0.187654321,0.938879917,-0.339350181,0,-0.451551846,-0.2346931,0,0,0,1,0,0,0,0,0,0,0,0,0,1,0,0,0,0,1,0,0,0,0,0,0,0,0,0,0,1,0,0,0,0,0,0,1,0,1,0,0,3.02,551,563
135,0.523809524,1.142857143,-0.327359618,-0.443975904,-0.266,0.639344262,0.5,1.032653061,-0.6,-0.318829982,-0.318181818,0.570555556,10.12867133,-0.265945946,-0.187654321,0.938879917,-0.339350181,0,-0.451551846,-0.216037616,0,0,0,1,0,0,0,0,0,0,0,0,0,1,0,0,0,0,1,0,0,0,0,0,0,0,0,0,0,1,0,0,0,0,0,0,1,0,1,0,0,3.66,579,591
136,0.523809524,1.142857143,-0.327359618,-0.443975904,-0.266,0.639344262,0.5,1.032653061,-0.6,-0.318829982,-0.318181818,0.570555556,10.12867133,-0.265945946,-0.187654321,0.938879917,-0.339350181,0,-0.451551846,-0.127080951,0,0,0,1,0,0,0,0,0,0,0,0,0,1,0,0,0,0,1,0,0,0,0,0,0,0,0,0,0,1,0,0,0,0,0,0,1,0,1,0,0,4.86,607,617
137,0.523809524,1.142857143,-0.327359618,-0.443975904,-0.266,0.639344262,0.5,1.032653061,-0.6,-0.318829982,-0.318181818,0.570555556,10.12867133,-0.265945946,-0.187654321,0.938879917,-0.339350181,0,-0.451551846,0.059321388,0,0,0,1,0,0,0,0,0,0,0,0,0,1,0,0,0,0,1,0,0,0,0,0,0,0,0,0,0,1,0,0,0,0,0,0,1,0,1,0,0,5.11,611,623
138,0.523809524,1.142857143,-0.327359618,-0.443975904,-0.266,0.639344262,0.5,1.032653061,-0.6,-0.318829982,-0.318181818,0.570555556,10.12867133,-0.265945946,-0.187654321,0.938879917,-0.339350181,0,-0.451551846,0.262650909,0,0,0,1,0,0,0,0,0,0,0,0,0,1,0,0,0,0,1,0,0,0,0,0,0,0,0,0,0,1,0,0,0,0,0,0,1,0,1,0,0,5.16,615,627
139,0.333333333,1.428571429,-0.21385902,-0.263253012,0.018,-0.331147541,-0.20754717,-0.074285714,0,-0.220182815,-0.220041322,0.768888889,10.13146853,-0.232432432,-0.279012346,0.014747703,-0.165523466,0,-0.293129005,1.270809506,0,0,0,1,0,0,0,0,0,0,0,0,0,1,0,0,0,0,0,0,0,1,0,0,0,0,0,0,0,0,1,0,0,0,0,0,1,0,1,0,0,9.08,None,644
140,0.333333333,0.857142857,-0.022700119,0.037951807,-0.122,1.286885246,0.971698113,0.25877551,-0.444466667,0.013893967,0.012396694,0.570555556,27.0165035,0.064864865,0.088888889,0.603969875,0.357851986,0,0.682622213,-0.203329521,0,0,0,1,0,0,0,0,0,0,0,0,0,1,0,0,0,0,0,0,0,1,0,0,0,0,0,0,0,0,1,0,0,0,0,0,1,0,1,0,0,1.76,571,581
141,0.333333333,0.857142857,-0.022700119,0.037951807,-0.122,1.286885246,0.971698113,0.25877551,-0.444466667,0.013893967,0.012396694,0.570555556,27.0165035,0.064864865,0.088888889,0.603969875,0.357851986,0,0.682622213,0.254161901,0,0,0,1,0,0,0,0,0,0,0,0,0,1,0,0,0,0,0,0,0,1,0,0,0,0,0,0,0,0,1,0,0,0,0,0,1,0,1,0,0,1.99,582,592
142,-0.80952381,-2,-0.106332139,-0.094578313,-0.096,-0.491803279,-0.324528302,-0.260408163,1.396825397,0.036563071,0.033057851,0.213333333,0,-0.375135135,-0.434567901,0.685939665,0.749097473,0,0.27023329,-0.237387216,0,0,0,1,0,0,0,0,0,0,0,0,0,1,0,1,0,0,0,0,0,0,0,0,0,0,0,0,0,1,0,0,0,1,0,0,0,0,1,0,0,1.97,465,480
143,-0.80952381,-2,-0.106332139,-0.094578313,-0.096,-0.491803279,-0.324528302,-0.260408163,1.396825397,0.036563071,0.033057851,0.213333333,0,-0.375135135,-0.434567901,0.685939665,0.749097473,0,0.27023329,-0.22061253,0,0,0,1,0,0,0,0,0,0,0,0,0,1,0,1,0,0,0,0,0,0,0,0,0,0,0,0,0,1,0,0,0,1,0,0,0,0,1,0,0,2.17,495,520
144,-0.80952381,-2,-0.106332139,-0.094578313,-0.096,-0.491803279,-0.324528302,-0.260408163,1.396825397,0.036563071,0.033057851,0.213333333,0,-0.375135135,-0.434567901,0.685939665,0.749097473,0,0.27023329,0.254161901,0,0,0,1,0,0,0,0,0,0,0,0,0,1,0,1,0,0,0,0,0,0,0,0,0,0,0,0,0,1,0,0,0,1,0,0,0,0,1,0,0,2.84,555,570
145,0,0.428571429,-0.106332139,-0.094578313,-0.096,-0.491803279,-0.324528302,-0.260408163,1.396825397,0.036563071,0.033057851,0.213333333,0,-0.375135135,-0.434567901,0.685939665,0.749097473,0,0.27023329,-0.237387216,0,0,0,1,0,0,0,0,0,0,0,0,0,1,0,1,0,0,0,0,0,0,0,0,0,0,0,0,0,1,0,0,0,1,0,0,0,0,1,0,0,2.57,525,540
146,0,0.428571429,-0.106332139,-0.094578313,-0.096,-0.491803279,-0.324528302,-0.260408163,1.396825397,0.036563071,0.033057851,0.213333333,0,-0.375135135,-0.434567901,0.685939665,0.749097473,0,0.27023329,-0.22061253,0,0,0,1,0,0,0,0,0,0,0,0,0,1,0,1,0,0,0,0,0,0,0,0,0,0,0,0,0,1,0,0,0,1,0,0,0,0,1,0,0,3.25,565,575
147,0,0.428571429,-0.106332139,-0.094578313,-0.096,-0.491803279,-0.324528302,-0.260408163,1.396825397,0.036563071,0.033057851,0.213333333,0,-0.375135135,-0.434567901,0.685939665,0.749097473,0,0.27023329,0.254161901,0,0,0,1,0,0,0,0,0,0,0,0,0,1,0,1,0,0,0,0,0,0,0,0,0,0,0,0,0,1,0,0,0,1,0,0,0,0,1,0,0,4.5,608,615
148,-0.523809524,-1.142857143,-0.106332139,-0.094578313,-0.0690627,-0.573770492,-0.382075472,-0.290412424,3.333333333,0.036563071,0.033057851,0.213333333,0,-0.375135135,-0.434567901,0.685939665,0.749097473,0,0.208737163,-0.237387216,0,0,0,1,0,0,0,0,0,0,0,0,0,1,0,1,0,0,0,0,0,0,0,0,0,0,0,0,0,1,0,0,0,1,0,0,0,0,1,0,0,2.02,465,480
149,-0.523809524,-1.142857143,-0.106332139,-0.094578313,-0.0690627,-0.573770492,-0.382075472,-0.290412424,3.333333333,0.036563071,0.033057851,0.213333333,0,-0.375135135,-0.434567901,0.685939665,0.749097473,0,0.208737163,-0.22061253,0,0,0,1,0,0,0,0,0,0,0,0,0,1,0,1,0,0,0,0,0,0,0,0,0,0,0,0,0,1,0,0,0,1,0,0,0,0,1,0,0,2.32,508,518
150,-0.523809524,-1.142857143,-0.106332139,-0.094578313,-0.0690627,-0.573770492,-0.382075472,-0.290412424,3.333333333,0.036563071,0.033057851,0.213333333,0,-0.375135135,-0.434567901,0.685939665,0.749097473,0,0.208737163,0.254161901,0,0,0,1,0,0,0,0,0,0,0,0,0,1,0,1,0,0,0,0,0,0,0,0,0,0,0,0,0,1,0,0,0,1,0,0,0,0,1,0,0,3.31,570,580
151,-0.523809524,-1.142857143,-0.106332139,-0.094578313,-0.06996466,-0.163934426,-0.075471698,-0.110189657,0,0.036563071,0.033057851,0.213333333,0,-0.375135135,-0.434567901,0.685939665,0.749097473,0,0.210637538,-0.237387216,0,0,0,1,0,0,0,0,0,0,0,0,0,1,0,1,0,0,0,0,0,0,0,0,0,0,0,0,0,1,0,0,0,1,0,0,0,0,1,0,0,2.61,528,550
152,-0.523809524,-1.142857143,-0.106332139,-0.094578313,-0.06996466,-0.163934426,-0.075471698,-0.110189657,0,0.036563071,0.033057851,0.213333333,0,-0.375135135,-0.434567901,0.685939665,0.749097473,0,0.210637538,-0.22061253,0,0,0,1,0,0,0,0,0,0,0,0,0,1,0,1,0,0,0,0,0,0,0,0,0,0,0,0,0,1,0,0,0,1,0,0,0,0,1,0,0,2.76,540,560
153,-0.523809524,-1.142857143,-0.106332139,-0.094578313,-0.06996466,-0.163934426,-0.075471698,-0.110189657,0,0.036563071,0.033057851,0.213333333,0,-0.375135135,-0.434567901,0.685939665,0.749097473,0,0.210637538,0.254161901,0,0,0,1,0,0,0,0,0,0,0,0,0,1,0,1,0,0,0,0,0,0,0,0,0,0,0,0,0,1,0,0,0,1,0,0,0,0,1,0,0,3.66,578,610
154,-0.380952381,-0.714285714,-0.327359618,-0.443975904,-0.468,0.327868852,0.272641509,0.083265306,-0.5788,0.087751371,0.088842975,-0.583888889,0,-0.135135135,-0.435061728,6.797662082,0.740072202,0,0.241575639,-0.228745711,0,0,0,1,0,0,0,0,0,0,0,0,1,0,0,1,0,0,0,0,0,0,0,0,0,0,0,0,0,0,1,0,0,0,1,0,0,0,1,0,0,2.5,474,617
155,0.142857143,0,-0.046594982,-0.001807229,0.248,-0.049180328,0,0.02122449,-0.004266667,1.060329068,1.061983471,-0.451666667,3.244755245,0.724324324,0.901234568,-0.370235934,0,0,-0.069781761,-0.237387216,0,0,0,1,0,0,0,0,0,0,0,0,1,0,0,0,0,0,0,0,0,0,1,0,0,0,0,0,0,0,1,0,0,0,1,0,0,0,1,0,0,2.85,534,577
156,0.142857143,0,-0.046594982,-0.001807229,0.248,-0.049180328,0,0.02122449,-0.004266667,1.060329068,1.061983471,-0.451666667,3.244755245,0.724324324,0.901234568,-0.370235934,0,0,-0.069781761,-0.228745711,0,0,0,1,0,0,0,0,0,0,0,0,1,0,0,0,0,0,0,0,0,0,1,0,0,0,0,0,0,0,1,0,0,0,1,0,0,0,1,0,0,3.12,561,586
157,0.142857143,0,-0.046594982,-0.001807229,0.248,-0.049180328,0,0.02122449,-0.004266667,1.060329068,1.061983471,-0.451666667,3.244755245,0.724324324,0.901234568,-0.370235934,0,0,-0.069781761,-0.203329521,0,0,0,1,0,0,0,0,0,0,0,0,1,0,0,0,0,0,0,0,0,0,1,0,0,0,0,0,0,0,1,0,0,0,1,0,0,0,1,0,0,3.46,570,594
158,0.142857143,0,-0.046594982,-0.001807229,0.248,-0.049180328,0,0.02122449,-0.004266667,1.060329068,1.061983471,-0.451666667,3.244755245,0.724324324,0.901234568,-0.370235934,0,0,-0.069781761,-0.152497141,0,0,0,1,0,0,0,0,0,0,0,0,1,0,0,0,0,0,0,0,0,0,1,0,0,0,0,0,0,0,1,0,0,0,1,0,0,0,1,0,0,3.79,579,595
159,0.142857143,0,-0.327359618,-0.443975904,-0.4,0.639344262,0.5,0.488979592,-0.6,-0.318829982,-0.318181818,0.570555556,9.622377622,1.183783784,1.466666667,-0.29684039,-0.203971119,0,-0.14741587,-0.253994154,0,0,0,1,0,0,0,0,0,0,0,0,0,1,0,0,0,0,0,0,0,1,0,0,0,0,0,0,0,0,1,0,0,0,0,0,1,0,1,0,0,1.98,450,None
160,0.142857143,0,-0.327359618,-0.443975904,-0.4,0.639344262,0.5,0.488979592,-0.6,-0.318829982,-0.318181818,0.570555556,9.622377622,1.183783784,1.466666667,-0.29684039,-0.203971119,0,-0.14741587,-0.25350108,0,0,0,1,0,0,0,0,0,0,0,0,0,1,0,0,0,0,0,0,0,1,0,0,0,0,0,0,0,0,1,0,0,0,0,0,1,0,1,0,0,2.09,467,None
161,0.142857143,0,-0.327359618,-0.443975904,-0.4,0.639344262,0.5,0.488979592,-0.6,-0.318829982,-0.318181818,0.570555556,9.622377622,1.183783784,1.466666667,-0.29684039,-0.203971119,0,-0.14741587,-0.252382768,0,0,0,1,0,0,0,0,0,0,0,0,0,1,0,0,0,0,0,0,0,1,0,0,0,0,0,0,0,0,1,0,0,0,0,0,1,0,1,0,0,2.34,497,None
162,0.142857143,0,-0.327359618,-0.443975904,-0.4,0.639344262,0.5,0.488979592,-0.6,-0.318829982,-0.318181818,0.570555556,9.622377622,1.183783784,1.466666667,-0.29684039,-0.203971119,0,-0.14741587,-0.24602872,0,0,0,1,0,0,0,0,0,0,0,0,0,1,0,0,0,0,0,0,0,1,0,0,0,0,0,0,0,0,1,0,0,0,0,0,1,0,1,0,0,3.21,557,None
163,0.142857143,0,-0.327359618,-0.443975904,-0.4,0.639344262,0.5,0.488979592,-0.6,-0.318829982,-0.318181818,0.570555556,9.622377622,1.183783784,1.466666667,-0.29684039,-0.203971119,0,-0.14741587,-0.224933283,0,0,0,1,0,0,0,0,0,0,0,0,0,1,0,0,0,0,0,0,0,1,0,0,0,0,0,0,0,0,1,0,0,0,0,0,1,0,1,0,0,4.37,594,None
164,0.142857143,0,-0.327359618,-0.443975904,-0.4,0.639344262,0.5,0.488979592,-0.6,-0.318829982,-0.318181818,0.570555556,9.622377622,1.183783784,1.466666667,-0.29684039,-0.203971119,0,-0.14741587,-0.133180836,0,0,0,1,0,0,0,0,0,0,0,0,0,1,0,0,0,0,0,0,0,1,0,0,0,0,0,0,0,0,1,0,0,0,0,0,1,0,1,0,0,6.04,628,None
165,-1.857142857,-5.142857143,2.581839904,1.724698795,37.4,2.590163934,1.91509434,2.069387755,-0.16,-0.402193784,-0.400826446,-0.818333333,0,1.12972973,1.397530864,0.049559141,-0.063176895,0,-0.260503371,109.5437794,0,1,0,0,0,0,1,0,0,0,0,0,0,0,0,1,0,0,0,0,0,0,0,0,0,0,0,0,0,0,1,0,0,0,0,0,1,0,1,0,0,1.74,422,510
166,-1.857142857,-5.142857143,2.581839904,1.724698795,37.4,2.590163934,1.91509434,1.208163265,-0.16,3.093235832,3.090909091,-0.193888889,0,1.12972973,1.397530864,0.049559141,-0.063176895,0,0.102848282,109.5437794,0,1,0,0,0,0,0,0,0,0,0,0,1,0,0,1,0,0,0,0,0,0,0,0,0,0,0,0,0,0,1,0,0,0,0,0,1,0,1,0,0,1.75,404,451
167,-1.857142857,-5.142857143,2.581839904,1.724698795,37.4,2.590163934,1.91509434,1.724897959,-0.16,0.643510055,2.285123967,-0.006111111,0,1.12972973,1.397530864,0.049559141,-0.063176895,0,-0.151801935,109.5437794,0,1,0,0,0,0,0,0,0,1,0,0,0,0,0,1,0,0,0,0,0,0,0,0,0,0,0,0,0,0,1,0,0,0,0,0,1,0,1,0,0,1.79,407,483
168,-1.857142857,-5.142857143,2.581839904,1.724698795,37.4,2.590163934,1.91509434,1.514285714,-0.16,1.47714808,2.243801653,0.006111111,0,1.12972973,1.397530864,0.049559141,-0.063176895,0,-0.065144847,109.5437794,0,1,0,0,0,0,0,0,0,0,1,0,0,0,0,1,0,0,0,0,0,0,0,0,0,0,0,0,0,0,1,0,0,0,0,0,1,0,1,0,0,1.71,418,530
169,-1.857142857,-5.142857143,2.581839904,1.724698795,37.4,2.590163934,1.91509434,0.980408163,-0.16,-0.402193784,-0.400826446,-0.818333333,19.86013986,1.12972973,1.397530864,0.049559141,-0.063176895,0,0.279203059,109.5437794,0,1,0,0,0,0,1,0,0,0,0,0,0,0,0,0,0,0,0,0,0,0,0,0,0,0,1,0,0,0,1,0,0,0,0,0,1,0,1,0,0,1.97,413,584
170,-0.238095238,-0.857142857,0.697729988,-0.239156627,1.04,-0.306557377,2.103773585,6.364081633,-0.6,-0.402193784,-0.400826446,-0.818333333,0,0.161837838,0.488888889,0.666733355,-0.328628159,0,-0.657598078,0.254161901,0,0,0,0,1,0,1,0,0,0,0,0,0,0,0,1,0,0,0,0,0,0,0,0,0,0,0,0,0,0,0,1,0,0,0,0,1,0,1,0,0,2,486,488
171,-0.238095238,-0.857142857,0.697729988,-0.239156627,1.04,-0.306557377,2.103773585,6.364081633,-0.6,-0.402193784,-0.400826446,-0.818333333,0,0.161837838,0.488888889,0.666733355,-0.328628159,0,-0.657598078,1.270809506,0,0,0,0,1,0,1,0,0,0,0,0,0,0,0,1,0,0,0,0,0,0,0,0,0,0,0,0,0,0,0,1,0,0,0,0,1,0,1,0,0,2,434,508
172,-0.238095238,-0.857142857,0.697729988,-0.239156627,1.04,-0.306557377,2.103773585,6.364081633,-0.6,-0.402193784,-0.400826446,-0.818333333,0,0.161837838,0.488888889,0.666733355,-0.328628159,0,-0.657598078,4.320752319,0,0,0,0,1,0,1,0,0,0,0,0,0,0,0,1,0,0,0,0,0,0,0,0,0,0,0,0,0,0,0,1,0,0,0,0,1,0,1,0,0,2,414,523
173,-2.095238095,-5.857142857,2.581839904,4.134337349,14.876,4.426229508,3.235849057,5.990204082,0,0.694698355,2.140495868,0.943333333,5.594405594,0,0.483950617,1.200394414,-0.514440433,0,-0.524883507,-0.203329521,0,0,0,1,0,0,0,1,0,0,0,0,0,0,0,0,0,0,0,1,0,0,0,0,0,0,0,0,1,0,0,0,1,0,0,0,0,0,1,0,0,1.44,383,None
174,-2.095238095,-5.857142857,2.581839904,4.134337349,14.876,4.426229508,3.235849057,5.990204082,0,0.694698355,2.140495868,0.943333333,5.594405594,0,0.483950617,1.200394414,-0.514440433,0,-0.524883507,-0.10166476,0,0,0,1,0,0,0,1,0,0,0,0,0,0,0,0,0,0,0,1,0,0,0,0,0,0,0,0,1,0,0,0,1,0,0,0,0,0,1,0,0,1.55,399,None
175,-2.095238095,-5.857142857,2.581839904,4.134337349,14.876,4.426229508,3.235849057,5.990204082,0,0.694698355,2.140495868,0.943333333,5.594405594,0,0.483950617,1.200394414,-0.514440433,0,-0.524883507,0,0,0,0,1,0,0,0,1,0,0,0,0,0,0,0,0,0,0,0,1,0,0,0,0,0,0,0,0,1,0,0,0,1,0,0,0,0,0,1,0,0,1.67,412,None
176,-2.095238095,-5.857142857,2.581839904,4.134337349,14.876,4.426229508,3.235849057,5.990204082,0,0.694698355,2.140495868,0.943333333,5.594405594,0,0.483950617,1.200394414,-0.514440433,0,-0.524883507,1.270809506,0,0,0,1,0,0,0,1,0,0,0,0,0,0,0,0,0,0,0,1,0,0,0,0,0,0,0,0,1,0,0,0,1,0,0,0,0,0,1,0,0,1.67,415,None
177,-2.095238095,-5.857142857,2.581839904,4.134337349,14.876,4.426229508,3.235849057,5.990204082,0,0.694698355,2.140495868,0.943333333,5.594405594,0,0.483950617,1.200394414,-0.514440433,0,-0.524883507,7.370695133,0,0,0,1,0,0,0,1,0,0,0,0,0,0,0,0,0,0,0,1,0,0,0,0,0,0,0,0,1,0,0,0,1,0,0,0,0,0,1,0,0,1.67,418,None
178,-2.095238095,-5.714285714,2.581839904,4.134337349,12.952,4.426229508,3.235849057,5.204897959,0,0.694698355,2.140495868,0.943333333,5.594405594,0.386648649,0.483950617,1.200394414,-0.514440433,0,-0.470509985,20.07879019,0,0,0,1,0,0,0,1,0,0,0,0,0,0,0,0,0,0,0,1,0,0,0,0,0,0,0,0,0,0,1,0,1,0,0,0,0,0,1,0,0,1.13,350,None
179,-2.095238095,-5.714285714,2.581839904,4.134337349,12.952,4.426229508,3.235849057,5.204897959,0,0.694698355,2.140495868,0.943333333,5.594405594,0.386648649,0.483950617,1.200394414,-0.514440433,0,-0.470509985,59.21972296,0,0,0,1,0,0,0,1,0,0,0,0,0,0,0,0,0,0,0,1,0,0,0,0,0,0,0,0,0,0,1,0,1,0,0,0,0,0,1,0,0,1.33,380,None
180,-2.095238095,-5.714285714,2.581839904,4.134337349,12.952,4.426229508,3.235849057,5.204897959,0,0.694698355,2.140495868,0.943333333,5.594405594,0.386648649,0.483950617,1.200394414,-0.514440433,0,-0.470509985,165.4593976,0,0,0,1,0,0,0,1,0,0,0,0,0,0,0,0,0,0,0,1,0,0,0,0,0,0,0,0,0,0,1,0,1,0,0,0,0,0,1,0,0,1.33,380,None
181,-2.095238095,-5.714285714,2.581839904,4.134337349,12.952,4.426229508,3.235849057,5.204897959,0,0.694698355,2.140495868,0.943333333,5.594405594,0.386648649,0.483950617,1.200394414,-0.514440433,0,-0.470509985,212.2251874,0,0,0,1,0,0,0,1,0,0,0,0,0,0,0,0,0,0,0,1,0,0,0,0,0,0,0,0,0,0,1,0,1,0,0,0,0,0,1,0,0,1.33,380,None
182,-2.095238095,-4.857142857,2.581839904,4.134337349,12.952,4.426229508,3.235849057,5.204897959,0,0.694698355,2.140495868,0.943333333,5.594405594,0.386648649,0.483950617,1.200394414,-0.514440433,0,-0.470509985,0.254161901,0,0,0,1,0,0,0,1,0,0,0,0,0,0,0,0,0,0,0,1,0,0,0,0,0,0,0,0,0,0,1,0,1,0,0,0,0,0,1,0,0,1.44,380,None
183,-2.095238095,-4.857142857,2.581839904,4.134337349,12.952,4.426229508,3.235849057,5.204897959,0,0.694698355,2.140495868,0.943333333,5.594405594,0.386648649,0.483950617,1.200394414,-0.514440433,0,-0.470509985,4.320752319,0,0,0,1,0,0,0,1,0,0,0,0,0,0,0,0,0,0,0,1,0,0,0,0,0,0,0,0,0,0,1,0,1,0,0,0,0,0,1,0,0,1.44,380,None
184,-2.095238095,-4.857142857,2.581839904,4.134337349,12.952,4.426229508,3.235849057,5.204897959,0,0.694698355,2.140495868,0.943333333,5.594405594,0.386648649,0.483950617,1.200394414,-0.514440433,0,-0.470509985,10.67479985,0,0,0,1,0,0,0,1,0,0,0,0,0,0,0,0,0,0,0,1,0,0,0,0,0,0,0,0,0,0,1,0,1,0,0,0,0,0,1,0,0,1.67,405,None
185,-2.095238095,-4.857142857,2.581839904,4.134337349,12.952,4.426229508,3.235849057,5.204897959,0,0.694698355,2.140495868,0.943333333,5.594405594,0.386648649,0.483950617,1.200394414,-0.514440433,0,-0.470509985,63.03215148,0,0,0,1,0,0,0,1,0,0,0,0,0,0,0,0,0,0,0,1,0,0,0,0,0,0,0,0,0,0,1,0,1,0,0,0,0,0,1,0,0,1.78,430,None
186,-2.095238095,-3.857142857,2.581839904,4.134337349,12.952,4.426229508,3.235849057,5.204897959,0,0.694698355,2.140495868,0.943333333,5.594405594,0.386648649,0.483950617,1.200394414,-0.514440433,0,-0.470509985,0,0,0,0,1,0,0,0,1,0,0,0,0,0,0,0,0,0,0,0,1,0,0,0,0,0,0,0,0,0,0,1,0,1,0,0,0,0,0,1,0,0,1.78,430,None
187,-2.095238095,-3.857142857,2.581839904,4.134337349,12.952,4.426229508,3.235849057,5.204897959,0,0.694698355,2.140495868,0.943333333,5.594405594,0.386648649,0.483950617,1.200394414,-0.514440433,0,-0.470509985,1.779133308,0,0,0,1,0,0,0,1,0,0,0,0,0,0,0,0,0,0,0,1,0,0,0,0,0,0,0,0,0,0,1,0,1,0,0,0,0,0,1,0,0,2.15,475,None
188,-2.095238095,-3.857142857,2.581839904,4.134337349,12.952,4.426229508,3.235849057,5.204897959,0,0.694698355,2.140495868,0.943333333,5.594405594,0.386648649,0.483950617,1.200394414,-0.514440433,0,-0.470509985,9.149828441,0,0,0,1,0,0,0,1,0,0,0,0,0,0,0,0,0,0,0,1,0,0,0,0,0,0,0,0,0,0,1,0,1,0,0,0,0,0,1,0,0,2.52,510,None
189,-2.095238095,-3.857142857,2.581839904,4.134337349,12.952,4.426229508,3.235849057,5.204897959,0,0.694698355,2.140495868,0.943333333,5.594405594,0.386648649,0.483950617,1.200394414,-0.514440433,0,-0.470509985,69.13203711,0,0,0,1,0,0,0,1,0,0,0,0,0,0,0,0,0,0,0,1,0,0,0,0,0,0,0,0,0,0,1,0,1,0,0,0,0,0,1,0,0,2.84,545,None
190,-2.333333333,0.857142857,-0.270011947,-0.460843373,-0.332,0.147540984,0.141509434,0.459591837,-0.573333333,-0.293967093,-0.29338843,0.100555556,0.867132867,0.691891892,0.90617284,-0.325821341,-0.162454874,0,-0.418492927,-0.251620282,0,0,1,0,0,0,0,0,0,0,0,0,1,0,0,0,0,0,0,0,1,0,0,0,0,0,0,0,0,0,1,0,0,0,1,0,0,0,1,0,0,3.8,None,555
191,-2.333333333,0.857142857,-0.270011947,-0.460843373,-0.332,0.147540984,0.141509434,0.459591837,-0.573333333,-0.293967093,-0.29338843,0.100555556,0.867132867,0.691891892,0.90617284,-0.325821341,-0.162454874,0,-0.418492927,-0.251620282,0,0,1,0,0,0,0,0,0,0,0,0,1,0,0,0,0,0,0,0,0,0,0,1,0,0,0,0,0,0,1,0,0,0,1,0,0,0,1,0,0,3.8,None,550
192,-2.333333333,0.857142857,-0.270011947,-0.460843373,-0.334,0.147540984,0.141509434,0.457959184,-0.573333333,-0.293967093,-0.29338843,0.100555556,0.895104895,0.691891892,0.90617284,-0.325821341,-0.162454874,0,-0.417732777,-0.251620282,0,0,1,0,0,0,0,0,0,0,0,0,1,0,0,0,0,0,0,1,0,0,0,0,0,0,0,0,0,0,1,0,0,0,1,0,0,0,1,0,0,3.7,None,540
193,-2.333333333,0.857142857,-0.270011947,-0.460843373,-0.334,0.147540984,0.141509434,0.457959184,-0.573333333,-0.293967093,-0.29338843,0.100555556,0.895104895,0.691891892,0.90617284,-0.325821341,-0.162454874,0,-0.417732777,-0.251620282,0,0,1,0,0,0,0,0,0,0,0,0,1,0,0,0,0,0,0,0,0,1,0,0,0,0,0,0,0,0,1,0,0,0,1,0,0,0,1,0,0,3.6,None,530
194,-2.333333333,0.857142857,-0.270011947,-0.460843373,-0.332,0.147540984,0.141509434,0.459591837,-0.573333333,-0.293967093,-0.29338843,0.100555556,0.867132867,0.691891892,0.90617284,-0.325821341,-0.162454874,0,-0.418492927,-0.228745711,0,0,1,0,0,0,0,0,0,0,0,0,1,0,0,0,0,0,0,0,1,0,0,0,0,0,0,0,0,0,1,0,0,0,1,0,0,0,1,0,0,4.3,None,595
195,-2.333333333,0.857142857,-0.270011947,-0.460843373,-0.332,0.147540984,0.141509434,0.459591837,-0.573333333,-0.293967093,-0.29338843,0.100555556,0.867132867,0.691891892,0.90617284,-0.325821341,-0.162454874,0,-0.418492927,-0.228745711,0,0,1,0,0,0,0,0,0,0,0,0,1,0,0,0,0,0,0,0,0,0,0,1,0,0,0,0,0,0,1,0,0,0,1,0,0,0,1,0,0,4.1,None,585
196,-2.333333333,0.857142857,-0.270011947,-0.460843373,-0.334,0.147540984,0.141509434,0.457959184,-0.573333333,-0.293967093,-0.29338843,0.100555556,0.895104895,0.691891892,0.90617284,-0.325821341,-0.162454874,0,-0.417732777,-0.228745711,0,0,1,0,0,0,0,0,0,0,0,0,1,0,0,0,0,0,0,1,0,0,0,0,0,0,0,0,0,0,1,0,0,0,1,0,0,0,1,0,0,4,None,570
197,-2.333333333,0.857142857,-0.270011947,-0.460843373,-0.334,0.147540984,0.141509434,0.457959184,-0.573333333,-0.293967093,-0.29338843,0.100555556,0.895104895,0.691891892,0.90617284,-0.325821341,-0.162454874,0,-0.417732777,-0.228745711,0,0,1,0,0,0,0,0,0,0,0,0,1,0,0,0,0,0,0,0,0,1,0,0,0,0,0,0,0,0,1,0,0,0,1,0,0,0,1,0,0,3.9,None,560
198,-2.333333333,0.857142857,-0.270011947,-0.460843373,-0.332,0.147540984,0.141509434,0.459591837,-0.573333333,-0.293967093,-0.29338843,0.100555556,0.867132867,0.691891892,0.90617284,-0.325821341,-0.162454874,0,-0.418492927,0,0,0,1,0,0,0,0,0,0,0,0,0,1,0,0,0,0,0,0,0,1,0,0,0,0,0,0,0,0,0,1,0,0,0,1,0,0,0,1,0,0,4.2,None,590
199,-2.333333333,0.857142857,-0.270011947,-0.460843373,-0.332,0.147540984,0.141509434,0.459591837,-0.573333333,-0.293967093,-0.29338843,0.100555556,0.867132867,0.691891892,0.90617284,-0.325821341,-0.162454874,0,-0.418492927,0,0,0,1,0,0,0,0,0,0,0,0,0,1,0,0,0,0,0,0,0,0,0,0,1,0,0,0,0,0,0,1,0,0,0,1,0,0,0,1,0,0,4.2,None,590
200,-2.333333333,0.857142857,-0.270011947,-0.460843373,-0.334,0.147540984,0.141509434,0.457959184,-0.573333333,-0.293967093,-0.29338843,0.100555556,0.895104895,0.691891892,0.90617284,-0.325821341,-0.162454874,0,-0.417732777,0,0,0,1,0,0,0,0,0,0,0,0,0,1,0,0,0,0,0,0,1,0,0,0,0,0,0,0,0,0,0,1,0,0,0,1,0,0,0,1,0,0,4.1,None,580
201,-2.333333333,0.857142857,-0.270011947,-0.460843373,33.8,0.147540984,0.141509434,100.8979592,-0.573333333,-0.293967093,-0.29338843,0.100555556,1.146853147,0.691891892,0.90617284,-0.497306257,-0.162454874,0,-0.42758432,-0.251620282,0,0,1,0,0,0,0,0,0,0,0,0,1,0,0,0,1,0,0,0,0,0,0,0,0,0,0,0,0,0,1,0,0,0,1,0,0,0,1,0,0,3.7,None,535
202,-2.333333333,0.857142857,-0.270011947,-0.460843373,33.8,0.147540984,0.141509434,100.8979592,-0.573333333,-0.293967093,-0.29338843,0.100555556,1.090909091,0.691891892,0.90617284,-0.497306257,-0.162454874,0,-0.429104619,-0.251620282,0,0,1,0,0,0,0,0,0,0,0,0,1,0,0,0,0,0,0,0,0,0,0,0,0,1,0,0,0,0,1,0,0,0,1,0,0,0,1,0,0,4.1,None,575
203,-2.333333333,0.857142857,-0.270011947,-0.460843373,33.8,0.147540984,0.141509434,100.8979592,-0.573333333,-0.293967093,-0.29338843,0.100555556,1.034965035,0.691891892,0.90617284,-0.497306257,-0.162454874,0,-0.430624919,-0.251620282,0,0,1,0,0,0,0,0,0,0,0,0,1,0,1,0,0,0,0,0,0,0,0,0,0,0,0,0,0,0,1,0,0,0,1,0,0,0,1,0,0,3.6,None,530
204,-2.333333333,0.857142857,-0.270011947,-0.460843373,33.8,0.147540984,0.141509434,100.8979592,-0.573333333,-0.293967093,-0.29338843,0.100555556,1.090909091,0.691891892,0.90617284,-0.497306257,-0.162454874,0,-0.429104619,-0.251620282,0,0,1,0,0,0,0,0,0,0,0,0,1,0,0,0,0,1,0,0,0,0,0,0,0,0,0,0,0,0,1,0,0,0,1,0,0,0,1,0,0,4,None,565
205,0.333333333,0.285714286,-0.3130227,-0.419879518,-0.2,-0.344262295,-0.216981132,0,-0.333333333,-0.154296161,-0.152892562,-0.262777778,0,-0.20227027,-0.241975309,0,-0.122472924,0.928,-0.451893913,-0.247553692,0,0,0,1,0,0,0,0,0,0,0,0,1,0,0,1,0,0,0,0,0,0,0,0,0,0,0,0,0,0,1,0,0,0,1,0,0,0,0,0,1,2.1,490,None
206,0.333333333,0.285714286,-0.3130227,-0.419879518,-0.2,-0.344262295,-0.216981132,0,-0.333333333,-0.154296161,-0.152892562,-0.262777778,0,-0.20227027,-0.241975309,0,-0.122472924,0.928,-0.451893913,-0.232812301,0,0,0,1,0,0,0,0,0,0,0,0,1,0,0,1,0,0,0,0,0,0,0,0,0,0,0,0,0,0,1,0,0,0,1,0,0,0,0,0,1,2.6,530,None
207,0.333333333,0.285714286,-0.3130227,-0.419879518,-0.2,-0.344262295,-0.216981132,0,-0.333333333,-0.154296161,-0.152892562,-0.262777778,0,-0.20227027,-0.241975309,0,-0.122472924,0.928,-0.451893913,-0.158597026,0,0,0,1,0,0,0,0,0,0,0,0,1,0,0,1,0,0,0,0,0,0,0,0,0,0,0,0,0,0,1,0,0,0,1,0,0,0,0,0,1,3.4,570,None
208,0.333333333,0.285714286,-0.3130227,-0.419879518,-0.2,-0.344262295,-0.216981132,0,-0.333333333,-0.154296161,-0.152892562,-0.262777778,0,-0.20227027,-0.241975309,0,-0.122472924,0.928,-0.451893913,-0.064557123,0,0,0,1,0,0,0,0,0,0,0,0,1,0,0,1,0,0,0,0,0,0,0,0,0,0,0,0,0,0,1,0,0,0,1,0,0,0,0,0,1,3.7,580,None
209,0.333333333,0.285714286,-0.3130227,-0.419879518,-0.2,-0.344262295,-0.216981132,0,-0.333333333,-0.154296161,-0.152892562,-0.262777778,0,-0.20227027,-0.241975309,0,-0.122472924,0.928,-0.451893913,0.774177151,0,0,0,1,0,0,0,0,0,0,0,0,1,0,0,1,0,0,0,0,0,0,0,0,0,0,0,0,0,0,1,0,0,0,1,0,0,0,0,0,1,4.4,610,None
210,0.333333333,0.285714286,-0.3130227,-0.419879518,-0.2,-0.344262295,-0.216981132,0,-0.333333333,-0.154296161,-0.152892562,-0.262777778,0,-0.20227027,-0.241975309,0,-0.122472924,0.928,-0.451893913,1.82081586,0,0,0,1,0,0,0,0,0,0,0,0,1,0,0,1,0,0,0,0,0,0,0,0,0,0,0,0,0,0,1,0,0,0,1,0,0,0,0,0,1,4.5,610,None
211,0.333333333,0.285714286,-0.3130227,-0.419879518,-0.2,-0.344262295,-0.216981132,0,-0.333333333,-0.154296161,-0.152892562,-0.262777778,0,-0.20227027,-0.241975309,0,-0.038718412,0,-0.451893913,-0.246537044,0,0,0,1,0,0,0,0,0,0,0,0,1,0,0,1,0,0,0,0,0,0,0,0,0,0,0,0,0,0,1,0,0,0,1,0,0,0,1,0,0,2.9,550,None
212,0.333333333,0.285714286,-0.3130227,-0.419879518,-0.2,-0.344262295,-0.216981132,0,-0.333333333,-0.154296161,-0.152892562,-0.262777778,0,-0.20227027,-0.241975309,0,-0.038718412,0,-0.451893913,-0.146397255,0,0,0,1,0,0,0,0,0,0,0,0,1,0,0,1,0,0,0,0,0,0,0,0,0,0,0,0,0,0,1,0,0,0,1,0,0,0,1,0,0,3.6,575,None
213,0.333333333,0.285714286,-0.3130227,-0.419879518,-0.2,-0.344262295,-0.216981132,0,-0.333333333,-0.154296161,-0.152892562,-0.262777778,0,-0.20227027,-0.241975309,0,-0.038718412,0,-0.451893913,-0.022874571,0,0,0,1,0,0,0,0,0,0,0,0,1,0,0,1,0,0,0,0,0,0,0,0,0,0,0,0,0,0,1,0,0,0,1,0,0,0,1,0,0,4.1,595,None
214,0.333333333,0.285714286,-0.3130227,-0.419879518,-0.2,-0.344262295,-0.216981132,0,-0.333333333,-0.154296161,-0.152892562,-0.262777778,0,-0.20227027,-0.241975309,0,-0.038718412,0,-0.451893913,0.397509213,0,0,0,1,0,0,0,0,0,0,0,0,1,0,0,1,0,0,0,0,0,0,0,0,0,0,0,0,0,0,1,0,0,0,1,0,0,0,1,0,0,4.4,600,None
215,0.333333333,0.285714286,-0.3130227,-0.419879518,-0.2,-0.344262295,-0.216981132,0,-0.333333333,-0.154296161,-0.152892562,-0.262777778,0,-0.20227027,-0.241975309,0,-0.038718412,0,-0.451893913,0.92108273,0,0,0,1,0,0,0,0,0,0,0,0,1,0,0,1,0,0,0,0,0,0,0,0,0,0,0,0,0,0,1,0,0,0,1,0,0,0,1,0,0,4.5,605,None
216,0.333333333,0.285714286,-0.3130227,-0.419879518,-0.2,-0.344262295,-0.216981132,0,-0.333333333,-0.154296161,-0.152892562,-0.262777778,0,-0.20227027,-0.241975309,0,-0.038718412,0,-0.451893913,1.940271953,0,0,0,1,0,0,0,0,0,0,0,0,1,0,0,1,0,0,0,0,0,0,0,0,0,0,0,0,0,0,1,0,0,0,1,0,0,0,1,0,0,5.1,630,None
217,0.333333333,0.285714286,-0.3130227,-0.419879518,-0.14,-0.344262295,-0.216981132,0.049795918,-0.333333333,-0.154296161,-0.152892562,-0.262777778,0,-0.20227027,-0.241975309,0,-0.122472924,0.1392,-0.511854538,-0.249078663,0,0,0,1,0,0,0,0,0,0,0,0,1,0,0,1,0,0,0,0,0,0,0,0,0,0,0,0,0,0,1,0,0,0,1,0,0,0,0,0,1,2.3,510,None
218,0.333333333,0.285714286,-0.3130227,-0.419879518,-0.14,-0.344262295,-0.216981132,0.049795918,-0.333333333,-0.154296161,-0.152892562,-0.262777778,0,-0.20227027,-0.241975309,0,-0.122472924,0.1392,-0.511854538,-0.228745711,0,0,0,1,0,0,0,0,0,0,0,0,1,0,0,1,0,0,0,0,0,0,0,0,0,0,0,0,0,0,1,0,0,0,1,0,0,0,0,0,1,3,550,None
219,0.333333333,0.285714286,-0.3130227,-0.419879518,-0.14,-0.344262295,-0.216981132,0.049795918,-0.333333333,-0.154296161,-0.152892562,-0.262777778,0,-0.20227027,-0.241975309,0,-0.122472924,0.1392,-0.511854538,-0.177913331,0,0,0,1,0,0,0,0,0,0,0,0,1,0,0,1,0,0,0,0,0,0,0,0,0,0,0,0,0,0,1,0,0,0,1,0,0,0,0,0,1,3.5,570,None
220,0.333333333,0.285714286,-0.3130227,-0.419879518,-0.14,-0.344262295,-0.216981132,0.049795918,-0.333333333,-0.154296161,-0.152892562,-0.262777778,0,-0.20227027,-0.241975309,0,-0.122472924,0.1392,-0.511854538,-0.080315161,0,0,0,1,0,0,0,0,0,0,0,0,1,0,0,1,0,0,0,0,0,0,0,0,0,0,0,0,0,0,1,0,0,0,1,0,0,0,0,0,1,4,590,None
221,0.333333333,0.285714286,-0.3130227,-0.419879518,-0.14,-0.344262295,-0.216981132,0.049795918,-0.333333333,-0.154296161,-0.152892562,-0.262777778,0,-0.20227027,-0.241975309,0,-0.122472924,0.1392,-0.511854538,0.467657898,0,0,0,1,0,0,0,0,0,0,0,0,1,0,0,1,0,0,0,0,0,0,0,0,0,0,0,0,0,0,1,0,0,0,1,0,0,0,0,0,1,4.4,600,None
222,0.333333333,0.285714286,-0.3130227,-0.419879518,-0.14,-0.344262295,-0.216981132,0.049795918,-0.333333333,-0.154296161,-0.152892562,-0.262777778,0,-0.20227027,-0.241975309,0,-0.122472924,0.1392,-0.511854538,1.10560427,0,0,0,1,0,0,0,0,0,0,0,0,1,0,0,1,0,0,0,0,0,0,0,0,0,0,0,0,0,0,1,0,0,0,1,0,0,0,0,0,1,4.5,600,None
223,0.333333333,0.285714286,-0.3130227,-0.419879518,-0.148,-0.344262295,-0.216981132,0.04244898,-0.333333333,-0.154296161,-0.152892562,-0.262777778,0,-0.20227027,-0.241975309,0,-0.122472924,0.232,-0.504800347,-0.245520396,0,0,0,1,0,0,0,0,0,0,0,0,1,0,0,1,0,0,0,0,0,0,0,0,0,0,0,0,0,0,1,0,0,0,1,0,0,0,0,0,1,2.2,500,None
224,0.333333333,0.285714286,-0.3130227,-0.419879518,-0.148,-0.344262295,-0.216981132,0.04244898,-0.333333333,-0.154296161,-0.152892562,-0.262777778,0,-0.20227027,-0.241975309,0,-0.122472924,0.232,-0.504800347,-0.219595883,0,0,0,1,0,0,0,0,0,0,0,0,1,0,0,1,0,0,0,0,0,0,0,0,0,0,0,0,0,0,1,0,0,0,1,0,0,0,0,0,1,2.8,545,None
225,0.333333333,0.285714286,-0.3130227,-0.419879518,-0.148,-0.344262295,-0.216981132,0.04244898,-0.333333333,-0.154296161,-0.152892562,-0.262777778,0,-0.20227027,-0.241975309,0,-0.122472924,0.232,-0.504800347,-0.127080951,0,0,0,1,0,0,0,0,0,0,0,0,1,0,0,1,0,0,0,0,0,0,0,0,0,0,0,0,0,0,1,0,0,0,1,0,0,0,0,0,1,3.6,570,None
226,0.333333333,0.285714286,-0.3130227,-0.419879518,-0.148,-0.344262295,-0.216981132,0.04244898,-0.333333333,-0.154296161,-0.152892562,-0.262777778,0,-0.20227027,-0.241975309,0,-0.122472924,0.232,-0.504800347,0.164188588,0,0,0,1,0,0,0,0,0,0,0,0,1,0,0,1,0,0,0,0,0,0,0,0,0,0,0,0,0,0,1,0,0,0,1,0,0,0,0,0,1,4.3,600,None
227,0.333333333,0.285714286,-0.3130227,-0.419879518,-0.148,-0.344262295,-0.216981132,0.04244898,-0.333333333,-0.154296161,-0.152892562,-0.262777778,0,-0.20227027,-0.241975309,0,-0.122472924,0.232,-0.504800347,0.999872919,0,0,0,1,0,0,0,0,0,0,0,0,1,0,0,1,0,0,0,0,0,0,0,0,0,0,0,0,0,0,1,0,0,0,1,0,0,0,0,0,1,4.6,620,None
228,0.333333333,0.285714286,-0.3130227,-0.419879518,-0.148,-0.344262295,-0.216981132,0.04244898,-0.333333333,-0.154296161,-0.152892562,-0.262777778,0,-0.20227027,-0.241975309,0,-0.122472924,0.232,-0.504800347,2.443512517,0,0,0,1,0,0,0,0,0,0,0,0,1,0,0,1,0,0,0,0,0,0,0,0,0,0,0,0,0,0,1,0,0,0,1,0,0,0,0,0,1,4.9,620,None
229,0.333333333,0.285714286,-0.3130227,-0.419879518,-0.294,-0.344262295,-0.216981132,-0.076734694,-0.333333333,-0.154296161,-0.152892562,-0.262777778,0,-0.20227027,-0.241975309,0,-0.122472924,2.7835,-0.310848099,-0.247553692,0,0,0,1,0,0,0,0,0,0,0,0,1,0,0,1,0,0,0,0,0,0,0,0,0,0,0,0,0,0,1,0,0,0,1,0,0,0,0,0,1,1.7,450,None
230,0.333333333,0.285714286,-0.3130227,-0.419879518,-0.294,-0.344262295,-0.216981132,-0.076734694,-0.333333333,-0.154296161,-0.152892562,-0.262777778,0,-0.20227027,-0.241975309,0,-0.122472924,2.7835,-0.310848099,-0.177913331,0,0,0,1,0,0,0,0,0,0,0,0,1,0,0,1,0,0,0,0,0,0,0,0,0,0,0,0,0,0,1,0,0,0,1,0,0,0,0,0,1,2.5,530,None
231,0.333333333,0.285714286,-0.3130227,-0.419879518,-0.294,-0.344262295,-0.216981132,-0.076734694,-0.333333333,-0.154296161,-0.152892562,-0.262777778,0,-0.20227027,-0.241975309,0,-0.122472924,2.7835,-0.310848099,0.476299403,0,0,0,1,0,0,0,0,0,0,0,0,1,0,0,1,0,0,0,0,0,0,0,0,0,0,0,0,0,0,1,0,0,0,1,0,0,0,0,0,1,3.5,585,None
232,0.333333333,0.285714286,-0.3130227,-0.419879518,-0.294,-0.344262295,-0.216981132,-0.076734694,-0.333333333,-0.154296161,-0.152892562,-0.262777778,0,-0.20227027,-0.241975309,0,-0.122472924,2.7835,-0.310848099,1.103062651,0,0,0,1,0,0,0,0,0,0,0,0,1,0,0,1,0,0,0,0,0,0,0,0,0,0,0,0,0,0,1,0,0,0,1,0,0,0,0,0,1,3.7,590,None
233,0.333333333,0.285714286,-0.3130227,-0.419879518,-0.294,-0.344262295,-0.216981132,-0.076734694,-0.333333333,-0.154296161,-0.152892562,-0.262777778,0,-0.20227027,-0.241975309,0,-0.122472924,2.7835,-0.310848099,1.891981192,0,0,0,1,0,0,0,0,0,0,0,0,1,0,0,1,0,0,0,0,0,0,0,0,0,0,0,0,0,0,1,0,0,0,1,0,0,0,0,0,1,3.9,595,None