Growth Temp (Celsius),Metal_mmol (mmol),Chalcogen_mmol (mmol),CA_mmol (mmol),Amines_mmol (mmol),Phosphines_mmol (mmol),S_I_amount (g),S_II_amount (g),Time_min (min),x0_cadmium acetate,x0_cadmium acetate dihtdrate,x0_cadmium acetate dihydrate,x0_cadmium oxide,x0_cadmium stearate,x0_dimethylcadmium,x1_None,x1_benzoic acid,x1_dodecylphosphonic acid,x1_ethylphosphonic acid,x1_lauric acid,x1_myrstic acid,x1_oleic acid,x1_stearic acid,x2_2-6-dimethylpyridine,x2_None,x2_aniline,x2_benzylamine,x2_dioctylamine/hexadecylamine,x2_dodecylamine,x2_heptylamine,x2_hexadecylamine,x2_octadecylamine,x2_octylamine,x2_oleylamine,x2_pyridine,x2_trioctylamine,x3_None,x3_diphenylphosphine,x3_tributylphosphine,x3_trioctylphosphine,x3_triphenylphosphine,x4_None,x4_liquid parafin,x4_octadecene,x4_phenyl ether,x4_trioctylphosphine oxide,x5_None,x5_phosphinic acid,x5_trioctylphosphine oxide,Diameter_nm,Absorbance max (nm),PL max (nm)
1.105102786,-0.43748622,-0.2437792,-0.525436685,-0.416112406,-0.165454919,-0.123360132,-0.302087419,-0.226076969,0,0,0,0,1,0,1,0,0,0,0,0,0,0,0,0,0,0,0,0,0,0,1,0,0,0,0,0,0,0,1,0,0,0,1,0,0,1,0,0,3.41,566,575
0.404516853,-0.371858416,-0.550992276,0.129712567,-0.498128738,-0.264629413,-0.681811133,-0.302087419,-0.236150815,0,0,0,1,0,0,0,0,0,0,0,0,0,1,0,1,0,0,0,0,0,0,0,0,0,0,0,0,0,1,0,0,1,0,0,0,0,1,0,0,2.6,526,556
0.404516853,-0.371858416,-0.550992276,0.129712567,-0.498128738,-0.264629413,-0.681811133,-0.302087419,-0.235796249,0,0,0,1,0,0,0,0,0,0,0,0,0,1,0,1,0,0,0,0,0,0,0,0,0,0,0,0,0,1,0,0,1,0,0,0,0,1,0,0,3.2,559,580
0.404516853,-0.371858416,-0.550992276,0.129712567,-0.498128738,-0.264629413,-0.681811133,-0.302087419,-0.235087117,0,0,0,1,0,0,0,0,0,0,0,0,0,1,0,1,0,0,0,0,0,0,0,0,0,0,0,0,0,1,0,0,1,0,0,0,0,1,0,0,3.6,574,598
0.404516853,-0.371858416,-0.550992276,0.129712567,-0.498128738,-0.264629413,-0.681811133,-0.302087419,-0.234419699,0,0,0,1,0,0,0,0,0,0,0,0,0,1,0,1,0,0,0,0,0,0,0,0,0,0,0,0,0,1,0,0,1,0,0,0,0,1,0,0,3.9,582,601
0.482359735,0.381134285,0.696201108,6.075828661,-0.498128738,0.119353885,-0.681811133,-0.302087419,-0.235566824,0,0,0,1,0,0,0,0,0,0,0,0,1,0,0,1,0,0,0,0,0,0,0,0,0,0,0,0,0,0,1,0,1,0,0,0,0,1,0,0,3.23,556,562
0.482359735,0.381134285,0.696201108,6.075828661,-0.498128738,0.119353885,-0.681811133,-0.302087419,-0.234795122,0,0,0,1,0,0,0,0,0,0,0,0,1,0,0,1,0,0,0,0,0,0,0,0,0,0,0,0,0,0,1,0,1,0,0,0,0,1,0,0,3.61,570,577
0.482359735,0.381134285,0.696201108,6.075828661,-0.498128738,0.119353885,-0.681811133,-0.302087419,-0.234065133,0,0,0,1,0,0,0,0,0,0,0,0,1,0,0,1,0,0,0,0,0,0,0,0,0,0,0,0,0,0,1,0,1,0,0,0,0,1,0,0,3.86,574,588
0.482359735,0.381134285,0.696201108,6.075828661,-0.498128738,0.119353885,-0.681811133,-0.302087419,-0.220862763,0,0,0,1,0,0,0,0,0,0,0,0,1,0,0,1,0,0,0,0,0,0,0,0,0,0,0,0,0,0,1,0,1,0,0,0,0,1,0,0,4.74,605,624
0.326673972,-0.47202717,-0.564748085,-0.415473471,-0.498128738,-0.071366296,-0.461222987,-0.302087419,-0.194791733,0,0,0,1,0,0,0,0,0,0,0,0,1,0,0,1,0,0,0,0,0,0,0,0,0,0,0,0,0,0,1,0,0,0,1,0,0,1,0,0,3.7,578,580
0.79373126,-0.282051947,-0.312558247,-0.157349296,4.22366865,0.737287271,-0.132853799,-0.302087419,-0.234419699,0,0,0,1,0,0,0,0,0,0,0,0,0,1,0,0,0,0,0,0,0,1,0,0,0,0,0,0,0,0,1,0,0,0,0,0,1,1,0,0,3.7,577,600
0.79373126,-0.282051947,-0.312558247,-0.157349296,4.22366865,0.737287271,-0.132853799,-0.302087419,-0.235128831,0,0,0,1,0,0,0,0,0,0,0,0,0,1,0,0,0,0,0,0,0,1,0,0,0,0,0,0,0,0,1,0,0,0,0,0,1,1,0,0,2.9,543,577
0.79373126,-0.282051947,-0.312558247,-0.157349296,4.22366865,0.737287271,-0.132853799,-0.302087419,-0.235817106,0,0,0,1,0,0,0,0,0,0,0,0,0,1,0,0,0,0,0,0,0,1,0,0,0,0,0,0,0,0,1,0,0,0,0,0,1,1,0,0,2.69,530,547
0.79373126,-0.282051947,-0.312558247,-0.157349296,4.22366865,0.737287271,-0.132853799,-0.302087419,0.109717898,0,0,0,1,0,0,0,0,0,0,0,0,0,1,0,0,0,0,0,0,0,1,0,0,0,0,0,0,0,0,1,0,0,0,0,0,1,1,0,0,2.39,506,505
0.015302447,-0.43748622,0.306453175,-0.455986234,-0.427711859,-0.071366296,-0.241193293,-0.302087419,-0.236331644,0,0,0,1,0,0,0,0,0,0,0,0,1,0,0,0,0,0,0,0,0,1,0,0,0,0,0,0,0,0,1,0,0,0,1,0,0,1,0,0,2.22,473,488
-0.296069079,-0.43748622,0.306453175,-0.455986234,-0.427711859,-0.071366296,-0.241193293,-0.302087419,-0.236331644,0,0,0,1,0,0,0,0,0,0,0,0,1,0,0,0,0,0,0,0,0,1,0,0,0,0,0,0,0,0,1,0,0,0,1,0,0,1,0,0,1.9,459,477
-0.607440604,-0.43748622,0.306453175,-0.455986234,-0.427711859,-0.071366296,-0.241193293,-0.302087419,-0.236331644,0,0,0,1,0,0,0,0,0,0,0,0,1,0,0,0,0,0,0,0,0,1,0,0,0,0,0,0,0,0,1,0,0,0,1,0,0,1,0,0,1.8,440,459
-0.918812129,-0.43748622,0.306453175,-0.455986234,-0.427711859,-0.071366296,-0.241193293,-0.302087419,-0.236331644,0,0,0,1,0,0,0,0,0,0,0,0,1,0,0,0,0,0,0,0,0,1,0,0,0,0,0,0,0,0,1,0,0,0,1,0,0,1,0,0,1.6,427,454
0.170988209,4.104648651,3.919645771,-0.525436685,-0.498128738,4.303330831,0.478650048,-0.302087419,-0.226076969,0,0,0,0,0,1,1,0,0,0,0,0,0,0,0,1,0,0,0,0,0,0,0,0,0,0,0,0,0,0,1,0,0,0,0,0,1,1,0,0,1.2,412,None
0.170988209,4.104648651,3.919645771,-0.525436685,-0.498128738,4.303330831,0.478650048,-0.302087419,-0.225034128,0,0,0,0,0,1,1,0,0,0,0,0,0,0,0,1,0,0,0,0,0,0,0,0,0,0,0,0,0,0,1,0,0,0,0,0,1,1,0,0,1.6,461,None
0.170988209,4.104648651,3.919645771,-0.525436685,-0.498128738,4.303330831,0.478650048,-0.302087419,-0.223991287,0,0,0,0,0,1,1,0,0,0,0,0,0,0,0,1,0,0,0,0,0,0,0,0,0,0,0,0,0,0,1,0,0,0,0,0,1,1,0,0,1.9,482,None
0.170988209,4.104648651,3.919645771,-0.525436685,-0.498128738,4.303330831,0.478650048,-0.302087419,-0.222948446,0,0,0,0,0,1,1,0,0,0,0,0,0,0,0,1,0,0,0,0,0,0,0,0,0,0,0,0,0,0,1,0,0,0,0,0,1,1,0,0,2.3,519,None
0.170988209,4.104648651,3.919645771,-0.525436685,-0.498128738,4.303330831,0.478650048,-0.302087419,-0.221905605,0,0,0,0,0,1,1,0,0,0,0,0,0,0,0,1,0,0,0,0,0,0,0,0,0,0,0,0,0,0,1,0,0,0,0,0,1,1,0,0,3.2,553,None
0.170988209,4.104648651,3.919645771,-0.525436685,-0.498128738,4.303330831,0.478650048,-0.302087419,-0.220862763,0,0,0,0,0,1,1,0,0,0,0,0,0,0,0,1,0,0,0,0,0,0,0,0,0,0,0,0,0,0,1,0,0,0,0,0,1,1,0,0,3.7,571,None
0.170988209,4.104648651,3.919645771,-0.525436685,-0.498128738,4.303330831,0.478650048,-0.302087419,-0.219819922,0,0,0,0,0,1,1,0,0,0,0,0,0,0,0,1,0,0,0,0,0,0,0,0,0,0,0,0,0,0,1,0,0,0,0,0,1,1,0,0,5.3,608,None
0.170988209,4.104648651,3.919645771,-0.525436685,-0.498128738,4.303330831,0.478650048,-0.302087419,-0.218777081,0,0,0,0,0,1,1,0,0,0,0,0,0,0,0,1,0,0,0,0,0,0,0,0,0,0,0,0,0,0,1,0,0,0,0,0,1,1,0,0,5.1,641,None
0.170988209,4.104648651,3.919645771,-0.525436685,-0.498128738,4.303330831,0.478650048,-0.302087419,-0.21773424,0,0,0,0,0,1,1,0,0,0,0,0,0,0,0,1,0,0,0,0,0,0,0,0,0,0,0,0,0,0,1,0,0,0,0,0,1,1,0,0,6.5,658,None
0.170988209,4.104648651,3.919645771,-0.525436685,-0.498128738,4.303330831,0.478650048,-0.302087419,-0.216691399,0,0,0,0,0,1,1,0,0,0,0,0,0,0,0,1,0,0,0,0,0,0,0,0,0,0,0,0,0,0,1,0,0,0,0,0,1,1,0,0,8.3,681,None
0.170988209,4.104648651,3.919645771,-0.525436685,-0.498128738,4.303330831,0.478650048,-0.302087419,-0.215648557,0,0,0,0,0,1,1,0,0,0,0,0,0,0,0,1,0,0,0,0,0,0,0,0,0,0,0,0,0,0,1,0,0,0,0,0,1,1,0,0,11.5,685,None
0.015302447,0.184250872,0.297282636,-0.455986234,-0.459463896,-0.071366296,-0.241193293,-0.302087419,-0.236338527,0,0,0,1,0,0,0,0,0,0,0,0,0,1,0,0,0,0,0,0,0,1,0,0,0,0,0,0,0,0,1,0,0,0,1,0,0,1,0,0,2.13,480,None
0.015302447,0.184250872,0.297282636,-0.455986234,-0.459463896,-0.071366296,-0.241193293,-0.302087419,-0.23546254,0,0,0,1,0,0,0,0,0,0,0,0,1,0,0,0,0,0,0,0,0,1,0,0,0,0,0,0,0,0,1,0,0,0,1,0,0,1,0,0,2.31,500,None
0.015302447,0.184250872,0.297282636,-0.455986234,-0.459463896,-0.071366296,-0.241193293,-0.302087419,-0.232334017,0,0,0,1,0,0,0,0,0,0,0,0,1,0,0,0,0,0,0,0,0,1,0,0,0,0,0,0,0,0,1,0,0,0,1,0,0,1,0,0,2.59,525,None
0.015302447,0.184250872,0.297282636,-0.455986234,-0.459463896,-0.071366296,-0.241193293,-0.302087419,-0.219819922,0,0,0,1,0,0,0,0,0,0,0,0,1,0,0,0,0,0,0,0,0,1,0,0,0,0,0,0,0,0,1,0,0,0,1,0,0,1,0,0,2.84,550,None
0.015302447,0.184250872,0.297282636,-0.455986234,-0.459463896,-0.071366296,-0.241193293,-0.302087419,-0.169763544,0,0,0,1,0,0,0,0,0,0,0,0,1,0,0,0,0,0,0,0,0,1,0,0,0,0,0,0,0,0,1,0,0,0,1,0,0,1,0,0,2.91,552,None
1.105102786,-0.0402653,-0.156659074,-0.525436685,1.928074117,-0.262086477,0.108955485,-0.302087419,-0.198963098,0,0,0,0,0,1,1,0,0,0,0,0,0,0,0,0,0,0,0,0,0,1,0,0,0,0,0,0,0,0,1,0,0,0,0,0,1,1,0,0,3.9,520,535
1.105102786,-0.0402653,-0.156659074,-0.525436685,1.928074117,-0.262086477,0.108955485,-0.302087419,-0.132221261,0,0,0,0,0,1,1,0,0,0,0,0,0,0,0,0,0,0,0,0,0,1,0,0,0,0,0,0,0,0,1,0,0,0,0,0,1,1,0,0,4.07,548,558
1.105102786,-0.0402653,-0.156659074,-0.525436685,1.928074117,-0.262086477,0.108955485,-0.302087419,-0.027937141,0,0,0,0,0,1,1,0,0,0,0,0,0,0,0,0,0,0,0,0,0,1,0,0,0,0,0,0,0,0,1,0,0,0,0,0,1,1,0,0,4.19,570,580
1.105102786,-0.0402653,-0.156659074,-0.525436685,1.928074117,-0.262086477,0.108955485,-0.302087419,0.076346979,0,0,0,0,0,1,1,0,0,0,0,0,0,0,0,0,0,0,0,0,0,1,0,0,0,0,0,0,0,0,1,0,0,0,0,0,1,1,0,0,4.3,580,590
1.105102786,-0.0402653,-0.156659074,-0.525436685,1.928074117,-0.262086477,0.108955485,-0.302087419,0.1806311,0,0,0,0,0,1,1,0,0,0,0,0,0,0,0,0,0,0,0,0,0,1,0,0,0,0,0,0,0,0,1,0,0,0,0,0,1,1,0,0,4.39,595,600
1.105102786,-0.0402653,-0.156659074,-0.525436685,1.928074117,-0.262086477,0.108955485,-0.302087419,0.239030207,0,0,0,0,0,1,1,0,0,0,0,0,0,0,0,0,0,0,0,0,0,1,0,0,0,0,0,0,0,0,1,0,0,0,0,0,1,1,0,0,4.9,630,640
1.105102786,-0.0402653,-0.156659074,-0.525436685,1.928074117,-0.262086477,0.108955485,-0.302087419,0.28491522,0,0,0,0,0,1,1,0,0,0,0,0,0,0,0,0,0,0,0,0,0,1,0,0,0,0,0,0,0,0,1,0,0,0,0,0,1,1,0,0,5.05,640,650
0.326673972,-0.402945271,-0.473042689,-0.525436685,1.691950783,0.463497855,-0.402585632,-0.302087419,-0.236157072,0,0,0,0,1,0,1,0,0,0,0,0,0,0,0,0,0,0,0,0,0,0,0,0,1,0,0,0,0,1,0,0,0,0,0,0,1,1,0,0,1.92,460,470
0.326673972,-0.402945271,-0.473042689,-0.525436685,1.691950783,0.463497855,-0.402585632,-0.302087419,-0.226076969,0,0,0,0,1,0,1,0,0,0,0,0,0,0,0,0,0,0,0,0,0,0,0,0,1,0,0,0,0,1,0,0,0,0,0,0,1,1,0,0,2.87,540,550
0.326673972,-0.402945271,-0.473042689,-0.525436685,1.691950783,0.463497855,-0.402585632,-0.302087419,-0.205220145,0,0,0,0,1,0,1,0,0,0,0,0,0,0,0,0,0,0,0,0,0,0,0,0,1,0,0,0,0,1,0,0,0,0,0,0,1,1,0,0,3.02,550,565
0.326673972,-0.402945271,-0.473042689,-0.525436685,1.691950783,0.463497855,-0.402585632,-0.302087419,-0.173934909,0,0,0,0,1,0,1,0,0,0,0,0,0,0,0,0,0,0,0,0,0,0,0,0,1,0,0,0,0,1,0,0,0,0,0,0,1,1,0,0,3.15,555,570
0.326673972,-0.402945271,-0.473042689,-0.525436685,1.691950783,0.463497855,-0.402585632,-0.302087419,-0.111364437,0,0,0,0,1,0,1,0,0,0,0,0,0,0,0,0,0,0,0,0,0,0,0,0,1,0,0,0,0,1,0,0,0,0,0,0,1,1,0,0,3.38,565,575
0.326673972,-0.402945271,-0.473042689,-0.525436685,1.691950783,0.463497855,-0.402585632,-0.302087419,0.138917452,0,0,0,0,1,0,1,0,0,0,0,0,0,0,0,0,0,0,0,0,0,0,0,0,1,0,0,0,0,1,0,0,0,0,0,0,1,1,0,0,3.57,580,580
0.79373126,-0.230240523,-0.427189991,-0.300880227,-0.498128738,-0.451959013,0.199424547,-0.302087419,-0.236442811,0,0,0,1,0,0,0,0,0,0,0,1,0,0,0,1,0,0,0,0,0,0,0,0,0,0,0,1,0,0,0,0,0,0,1,0,0,1,0,0,1.3,410,435
0.79373126,-0.230240523,-0.427189991,-0.300880227,-0.498128738,-0.451959013,0.199424547,-0.302087419,-0.236338527,0,0,0,1,0,0,0,0,0,0,0,1,0,0,0,1,0,0,0,0,0,0,0,0,0,0,0,1,0,0,0,0,0,0,1,0,0,1,0,0,1.7,435,455
0.79373126,-0.230240523,-0.427189991,-0.300880227,-0.498128738,-0.451959013,0.199424547,-0.302087419,-0.236150815,0,0,0,1,0,0,0,0,0,0,0,1,0,0,0,1,0,0,0,0,0,0,0,0,0,0,0,1,0,0,0,0,0,0,1,0,0,1,0,0,2.1,470,480
0.79373126,-0.230240523,-0.427189991,-0.300880227,-0.498128738,-0.451959013,0.199424547,-0.302087419,-0.235817106,0,0,0,1,0,0,0,0,0,0,0,1,0,0,0,1,0,0,0,0,0,0,0,0,0,0,0,1,0,0,0,0,0,0,1,0,0,1,0,0,2.5,490,515
0.79373126,-0.230240523,-0.427189991,-0.300880227,-0.498128738,-0.451959013,0.199424547,-0.302087419,-0.23546254,0,0,0,1,0,0,0,0,0,0,0,1,0,0,0,1,0,0,0,0,0,0,0,0,0,0,0,1,0,0,0,0,0,0,1,0,0,1,0,0,2.8,508,525
0.79373126,-0.230240523,-0.427189991,-0.300880227,-0.498128738,-0.451959013,0.199424547,-0.302087419,-0.235107974,0,0,0,1,0,0,0,0,0,0,0,1,0,0,0,1,0,0,0,0,0,0,0,0,0,0,0,1,0,0,0,0,0,0,1,0,0,1,0,0,2.9,512,528
0.79373126,-0.230240523,-0.427189991,-0.300880227,-0.498128738,-0.451959013,0.199424547,-0.302087419,-0.234774265,0,0,0,1,0,0,0,0,0,0,0,1,0,0,0,1,0,0,0,0,0,0,0,0,0,0,0,1,0,0,0,0,0,0,1,0,0,1,0,0,3.1,520,530
0.79373126,-0.230240523,-0.427189991,-0.300880227,-0.498128738,-0.451959013,0.199424547,-0.302087419,-0.234419699,0,0,0,1,0,0,0,0,0,0,0,1,0,0,0,1,0,0,0,0,0,0,0,0,0,0,0,1,0,0,0,0,0,0,1,0,0,1,0,0,3.3,523,535
0.79373126,-0.230240523,-0.427189991,-0.300880227,-0.498128738,-0.451959013,0.199424547,-0.302087419,-0.230248334,0,0,0,1,0,0,0,0,0,0,0,1,0,0,0,1,0,0,0,0,0,0,0,0,0,0,0,1,0,0,0,0,0,0,1,0,0,1,0,0,3.8,535,550
0.79373126,-0.230240523,-0.427189991,-0.300880227,-0.498128738,-0.451959013,0.199424547,-0.302087419,-0.226076969,0,0,0,1,0,0,0,0,0,0,0,1,0,0,0,1,0,0,0,0,0,0,0,0,0,0,0,1,0,0,0,0,0,0,1,0,0,1,0,0,4.2,560,570
0.79373126,-0.230240523,-0.427189991,-0.300880227,-0.498128738,-0.451959013,0.199424547,-0.302087419,-0.215648557,0,0,0,1,0,0,0,0,0,0,0,1,0,0,0,1,0,0,0,0,0,0,0,0,0,0,0,1,0,0,0,0,0,0,1,0,0,1,0,0,4.6,575,580
0.79373126,-0.230240523,-0.427189991,-0.300880227,-0.498128738,-0.451959013,0.199424547,-0.302087419,-0.153078085,0,0,0,1,0,0,0,0,0,0,0,1,0,0,0,1,0,0,0,0,0,0,0,0,0,0,0,1,0,0,0,0,0,0,1,0,0,1,0,0,4.7,587,595
-0.918812129,-0.313138802,-0.528065927,-0.158506803,-0.498128738,-0.414662622,0.154748467,-0.302087419,-0.230248334,1,0,0,0,0,0,0,0,0,0,0,0,1,0,0,1,0,0,0,0,0,0,0,0,0,0,0,0,0,1,0,0,0,0,0,1,0,1,0,0,2.1208,475,507
-0.918812129,-0.313138802,-0.528065927,-0.158506803,-0.498128738,-0.414662622,0.154748467,-0.302087419,-0.221905605,1,0,0,0,0,0,0,0,0,0,0,0,1,0,0,1,0,0,0,0,0,0,0,0,0,0,0,0,0,1,0,0,0,0,0,1,0,1,0,0,2.25,490,542
-0.918812129,-0.313138802,-0.528065927,-0.158506803,-0.498128738,-0.414662622,0.154748467,-0.302087419,-0.203134463,1,0,0,0,0,0,0,0,0,0,0,0,1,0,0,1,0,0,0,0,0,0,0,0,0,0,0,0,0,1,0,0,0,0,0,1,0,1,0,0,2.299,495,525
-0.918812129,-0.313138802,-0.528065927,-0.158506803,-0.498128738,-0.414662622,0.154748467,-0.302087419,-0.186449004,1,0,0,0,0,0,0,0,0,0,0,0,1,0,0,1,0,0,0,0,0,0,0,0,0,0,0,0,0,1,0,0,0,0,0,1,0,1,0,0,2.4065,505,530
-0.918812129,-0.313138802,-0.528065927,-0.158506803,-0.498128738,-0.414662622,0.154748467,-0.302087419,-0.161420815,1,0,0,0,0,0,0,0,0,0,0,0,1,0,0,1,0,0,0,0,0,0,0,0,0,0,0,0,0,1,0,0,0,0,0,1,0,1,0,0,2.4527,510,535
-0.918812129,-0.313138802,-0.528065927,-0.158506803,-0.498128738,-0.414662622,0.154748467,-0.302087419,-0.132221261,1,0,0,0,0,0,0,0,0,0,0,0,1,0,0,1,0,0,0,0,0,0,0,0,0,0,0,0,0,1,0,0,0,0,0,1,0,1,0,0,2.4664,512,540
-1.385869417,-0.313138802,-0.528065927,-0.158506803,-0.498128738,-0.414662622,0.154748467,-0.302087419,-0.230248334,1,0,0,0,0,0,0,0,0,0,0,0,1,0,0,1,0,0,0,0,0,0,0,0,0,0,0,0,0,1,0,0,0,0,0,1,0,1,0,0,1.9138,445,490
-1.385869417,-0.313138802,-0.528065927,-0.158506803,-0.498128738,-0.414662622,0.154748467,-0.302087419,-0.221905605,1,0,0,0,0,0,0,0,0,0,0,0,1,0,0,1,0,0,0,0,0,0,0,0,0,0,0,0,0,1,0,0,0,0,0,1,0,1,0,0,2.0272,460,500
-1.385869417,-0.313138802,-0.528065927,-0.158506803,-0.498128738,-0.414662622,0.154748467,-0.302087419,-0.203134463,1,0,0,0,0,0,0,0,0,0,0,0,1,0,0,1,0,0,0,0,0,0,0,0,0,0,0,0,0,1,0,0,0,0,0,1,0,1,0,0,2.1516,477,505
-1.385869417,-0.313138802,-0.528065927,-0.158506803,-0.498128738,-0.414662622,0.154748467,-0.302087419,-0.186449004,1,0,0,0,0,0,0,0,0,0,0,0,1,0,0,1,0,0,0,0,0,0,0,0,0,0,0,0,0,1,0,0,0,0,0,1,0,1,0,0,2.2015,480,513
-1.385869417,-0.313138802,-0.528065927,-0.158506803,-0.498128738,-0.414662622,0.154748467,-0.302087419,-0.161420815,1,0,0,0,0,0,0,0,0,0,0,0,1,0,0,1,0,0,0,0,0,0,0,0,0,0,0,0,0,1,0,0,0,0,0,1,0,1,0,0,2.2939,495,521
-1.385869417,-0.313138802,-0.528065927,-0.158506803,-0.498128738,-0.414662622,0.154748467,-0.302087419,-0.132221261,1,0,0,0,0,0,0,0,0,0,0,0,1,0,0,1,0,0,0,0,0,0,0,0,0,0,0,0,0,1,0,0,0,0,0,1,0,1,0,0,2.3523,503,525
-1.852926706,-0.313138802,-0.528065927,-0.158506803,-0.498128738,-0.414662622,0.154748467,-0.302087419,-0.203134463,1,0,0,0,0,0,0,0,0,0,0,0,1,0,0,1,0,0,0,0,0,0,0,0,0,0,0,0,0,1,0,0,0,0,0,1,0,1,0,0,1.9458,455,490
-1.852926706,-0.313138802,-0.528065927,-0.158506803,-0.498128738,-0.414662622,0.154748467,-0.302087419,-0.186449004,1,0,0,0,0,0,0,0,0,0,0,0,1,0,0,1,0,0,0,0,0,0,0,0,0,0,0,0,0,1,0,0,0,0,0,1,0,1,0,0,2.0144,460,495
-1.852926706,-0.313138802,-0.528065927,-0.158506803,-0.498128738,-0.414662622,0.154748467,-0.302087419,-0.161420815,1,0,0,0,0,0,0,0,0,0,0,0,1,0,0,1,0,0,0,0,0,0,0,0,0,0,0,0,0,1,0,0,0,0,0,1,0,1,0,0,2.0673,465,497
-1.852926706,-0.313138802,-0.528065927,-0.158506803,-0.498128738,-0.414662622,0.154748467,-0.302087419,-0.132221261,1,0,0,0,0,0,0,0,0,0,0,0,1,0,0,1,0,0,0,0,0,0,0,0,0,0,0,0,0,1,0,0,0,0,0,1,0,1,0,0,2.0995,470,500
0.015302447,-0.344225657,-0.395093103,0.084569774,-0.498128738,-0.18664605,0.278724589,1.052413267,-0.236150815,0,0,0,1,0,0,0,0,0,0,0,0,1,0,0,1,0,0,0,0,0,0,0,0,0,0,0,0,0,0,1,0,0,0,1,0,0,0,1,0,2.4731,491,504
0.015302447,-0.344225657,-0.395093103,0.084569774,-0.498128738,-0.18664605,0.278724589,1.052413267,-0.23546254,0,0,0,1,0,0,0,0,0,0,0,0,1,0,0,1,0,0,0,0,0,0,0,0,0,0,0,0,0,0,1,0,0,0,1,0,0,0,1,0,2.9895,537,547
0.015302447,-0.344225657,-0.395093103,0.084569774,-0.498128738,-0.18664605,0.278724589,1.052413267,-0.234419699,0,0,0,1,0,0,0,0,0,0,0,0,1,0,0,1,0,0,0,0,0,0,0,0,0,0,0,0,0,0,1,0,0,0,1,0,0,0,1,0,3.3729,553,563
0.015302447,-0.344225657,-0.395093103,0.084569774,-0.498128738,-0.18664605,0.278724589,1.052413267,-0.230248334,0,0,0,1,0,0,0,0,0,0,0,0,1,0,0,1,0,0,0,0,0,0,0,0,0,0,0,0,0,0,1,0,0,0,1,0,0,0,1,0,3.6857,565,575
0.015302447,-0.344225657,-0.395093103,0.084569774,-0.498128738,-0.18664605,0.278724589,1.052413267,-0.226076969,0,0,0,1,0,0,0,0,0,0,0,0,1,0,0,1,0,0,0,0,0,0,0,0,0,0,0,0,0,0,1,0,0,0,1,0,0,0,1,0,3.8215,568,578
0.015302447,-0.344225657,-0.395093103,0.084569774,-0.498128738,-0.18664605,0.278724589,1.052413267,-0.215648557,0,0,0,1,0,0,0,0,0,0,0,0,1,0,0,1,0,0,0,0,0,0,0,0,0,0,0,0,0,0,1,0,0,0,1,0,0,0,1,0,3.8785,570,583
0.015302447,-0.344225657,-0.395093103,0.084569774,-0.498128738,-0.18664605,0.278724589,1.052413267,-0.194791733,0,0,0,1,0,0,0,0,0,0,0,0,1,0,0,1,0,0,0,0,0,0,0,0,0,0,0,0,0,0,1,0,0,0,1,0,0,0,1,0,4.0901,575,586
0.015302447,-0.344225657,-0.395093103,0.084569774,-0.498128738,-0.451959013,0.340154199,1.052413267,-0.236150815,0,0,0,1,0,0,0,0,0,0,0,0,1,0,0,1,0,0,0,0,0,0,0,0,0,0,0,1,0,0,0,0,0,0,1,0,0,0,1,0,2.34,472,498
0.015302447,-0.344225657,-0.395093103,0.084569774,-0.498128738,-0.451959013,0.340154199,1.052413267,-0.23546254,0,0,0,1,0,0,0,0,0,0,0,0,1,0,0,1,0,0,0,0,0,0,0,0,0,0,0,1,0,0,0,0,0,0,1,0,0,0,1,0,2.7943,519,537
0.015302447,-0.344225657,-0.395093103,0.084569774,-0.498128738,-0.451959013,0.340154199,1.052413267,-0.234419699,0,0,0,1,0,0,0,0,0,0,0,0,1,0,0,1,0,0,0,0,0,0,0,0,0,0,0,1,0,0,0,0,0,0,1,0,0,0,1,0,2.9968,532,547
0.015302447,-0.344225657,-0.395093103,0.084569774,-0.498128738,-0.451959013,0.340154199,1.052413267,-0.226076969,0,0,0,1,0,0,0,0,0,0,0,0,1,0,0,1,0,0,0,0,0,0,0,0,0,0,0,1,0,0,0,0,0,0,1,0,0,0,1,0,3.161,542,555
0.015302447,-0.344225657,-0.395093103,0.084569774,-0.498128738,-0.451959013,0.340154199,1.052413267,-0.194791733,0,0,0,1,0,0,0,0,0,0,0,0,1,0,0,1,0,0,0,0,0,0,0,0,0,0,0,1,0,0,0,0,0,0,1,0,0,0,1,0,3.125,550,566
0.015302447,-0.344225657,-0.395093103,0.084569774,-0.498128738,-0.450263722,0.339595748,1.052413267,-0.194791733,0,0,0,1,0,0,0,0,0,0,0,0,1,0,0,1,0,0,0,0,0,0,0,0,0,0,0,0,0,0,1,0,0,0,1,0,0,0,1,0,3.25,560,None
0.015302447,-0.344225657,-0.395093103,0.084569774,-0.498128738,-0.448568432,0.339316523,1.052413267,-0.194791733,0,0,0,1,0,0,0,0,0,0,0,0,1,0,0,1,0,0,0,0,0,0,0,0,0,0,0,0,0,0,1,0,0,0,1,0,0,0,1,0,3.625,573,None
0.015302447,-0.344225657,-0.395093103,0.084569774,-0.498128738,-0.447296964,0.339037297,1.052413267,-0.194791733,0,0,0,1,0,0,0,0,0,0,0,0,1,0,0,1,0,0,0,0,0,0,0,0,0,0,0,0,0,0,1,0,0,0,1,0,0,0,1,0,3.8,580,None
0.015302447,-0.344225657,-0.395093103,0.084569774,-0.498128738,-0.44178727,0.325076022,1.052413267,-0.194791733,0,0,0,1,0,0,0,0,0,0,0,0,1,0,0,1,0,0,0,0,0,0,0,0,0,0,0,0,0,0,1,0,0,0,1,0,0,0,1,0,5.25,611,None
0.015302447,-0.344225657,-0.395093103,0.084569774,-0.498128738,-0.451959013,0.87626716,-0.302087419,-0.236150815,0,0,0,1,0,0,0,0,0,0,0,0,1,0,0,1,0,0,0,0,0,0,0,0,0,0,0,1,0,0,0,0,0,0,1,0,0,1,0,0,2.5094,501,511
0.015302447,-0.344225657,-0.395093103,0.084569774,-0.498128738,-0.451959013,0.87626716,-0.302087419,-0.23546254,0,0,0,1,0,0,0,0,0,0,0,0,1,0,0,1,0,0,0,0,0,0,0,0,0,0,0,1,0,0,0,0,0,0,1,0,0,1,0,0,2.9639,532,542
0.015302447,-0.344225657,-0.395093103,0.084569774,-0.498128738,-0.451959013,0.87626716,-0.302087419,-0.234419699,0,0,0,1,0,0,0,0,0,0,0,0,1,0,0,1,0,0,0,0,0,0,0,0,0,0,0,1,0,0,0,0,0,0,1,0,0,1,0,0,3.2593,542,558
0.015302447,-0.344225657,-0.395093103,0.084569774,-0.498128738,-0.451959013,0.87626716,-0.302087419,-0.230248334,0,0,0,1,0,0,0,0,0,0,0,0,1,0,0,1,0,0,0,0,0,0,0,0,0,0,0,1,0,0,0,0,0,0,1,0,0,1,0,0,3.6297,555,573
0.015302447,-0.344225657,-0.395093103,0.084569774,-0.498128738,-0.451959013,0.87626716,-0.302087419,-0.226076969,0,0,0,1,0,0,0,0,0,0,0,0,1,0,0,1,0,0,0,0,0,0,0,0,0,0,0,1,0,0,0,0,0,0,1,0,0,1,0,0,3.7911,558,578
0.015302447,-0.344225657,-0.395093103,0.084569774,-0.498128738,-0.451959013,0.87626716,-0.302087419,-0.215648557,0,0,0,1,0,0,0,0,0,0,0,0,1,0,0,1,0,0,0,0,0,0,0,0,0,0,0,1,0,0,0,0,0,0,1,0,0,1,0,0,3.9063,560,581
0.015302447,-0.344225657,-0.395093103,0.084569774,-0.498128738,-0.451959013,0.87626716,-0.302087419,-0.194791733,0,0,0,1,0,0,0,0,0,0,0,0,1,0,0,1,0,0,0,0,0,0,0,0,0,0,0,1,0,0,0,0,0,0,1,0,0,1,0,0,4.0278,563,584
1.572160074,-0.161158624,0.306453175,-0.293935182,1.442833546,2.103691411,-0.346740532,-0.302087419,-0.236234243,0,0,0,1,0,0,0,0,1,0,0,0,0,0,0,0,0,0,0,0,0,1,0,0,0,0,0,0,0,1,0,0,0,0,0,0,1,1,0,0,1.7,409,440
0.015302447,0.864707579,0.306453175,2.342866932,-0.498128738,-0.287515835,4.271649247,-0.302087419,-0.235128831,0,0,0,1,0,0,0,0,0,0,0,0,1,0,0,1,0,0,0,0,0,0,0,0,0,0,0,0,0,0,1,0,0,0,1,0,0,1,0,0,2.3,497,None
0.015302447,0.864707579,0.306453175,2.342866932,-0.498128738,-0.287515835,4.271649247,-0.302087419,-0.194791733,0,0,0,1,0,0,0,0,0,0,0,0,1,0,0,1,0,0,0,0,0,0,0,0,0,0,0,0,0,0,1,0,0,0,1,0,0,1,0,0,2.7,528,None
0.015302447,0.864707579,0.306453175,2.342866932,-0.498128738,-0.287515835,4.271649247,-0.302087419,-0.173934909,0,0,0,1,0,0,0,0,0,0,0,0,1,0,0,1,0,0,0,0,0,0,0,0,0,0,0,0,0,0,1,0,0,0,1,0,0,1,0,0,2.9,543,None
0.015302447,0.864707579,0.306453175,2.342866932,-0.498128738,-0.287515835,4.271649247,-0.302087419,-0.153078085,0,0,0,1,0,0,0,0,0,0,0,0,1,0,0,1,0,0,0,0,0,0,0,0,0,0,0,0,0,0,1,0,0,0,1,0,0,1,0,0,3.5,568,None
0.015302447,0.864707579,0.306453175,2.342866932,-0.498128738,-0.287515835,4.271649247,-0.302087419,-0.132221261,0,0,0,1,0,0,0,0,0,0,0,0,1,0,0,1,0,0,0,0,0,0,0,0,0,0,0,0,0,0,1,0,0,0,1,0,0,1,0,0,4.5,608,None
0.949417023,-0.47202717,-0.564152,0.011646801,-0.498128738,-0.223094796,-0.128386191,-0.302087419,-0.23633227,0,0,0,1,0,0,0,0,0,0,0,0,1,0,0,1,0,0,0,0,0,0,0,0,0,0,0,0,0,0,1,0,0,0,1,0,0,1,0,0,2.28,508,523
0.949417023,-0.47202717,-0.564152,0.011646801,-0.498128738,-0.223094796,-0.128386191,-0.302087419,-0.234419699,0,0,0,1,0,0,0,0,0,0,0,0,1,0,0,1,0,0,0,0,0,0,0,0,0,0,0,0,0,0,1,0,0,0,1,0,0,1,0,0,3.28,585,604
0.015302447,0.864707579,-0.01451571,1.74327804,-0.498128738,-0.337526904,4.980882019,-0.302087419,-0.233376858,0,0,0,1,0,0,0,0,0,0,0,0,1,0,0,1,0,0,0,0,0,0,0,0,0,0,0,0,0,0,1,0,0,0,1,0,0,1,0,0,2.5,524,544
0.326673972,0.864707579,-0.01451571,1.74327804,-0.498128738,-0.337526904,4.980882019,-0.302087419,-0.233376858,0,0,0,1,0,0,0,0,0,0,0,0,1,0,0,1,0,0,0,0,0,0,0,0,0,0,0,0,0,0,1,0,0,0,1,0,0,1,0,0,3,555,577
0.638045498,0.864707579,-0.01451571,1.74327804,-0.498128738,-0.337526904,4.980882019,-0.302087419,-0.233376858,0,0,0,1,0,0,0,0,0,0,0,0,1,0,0,1,0,0,0,0,0,0,0,0,0,0,0,0,0,0,1,0,0,0,1,0,0,1,0,0,4,592,610
0.949417023,0.864707579,-0.01451571,1.74327804,-0.498128738,-0.337526904,4.980882019,-0.302087419,-0.233376858,0,0,0,1,0,0,0,0,0,0,0,0,1,0,0,1,0,0,0,0,0,0,0,0,0,0,0,0,0,0,1,0,0,0,1,0,0,1,0,0,4.5,603,625
0.949417023,-0.47202717,-0.152073804,-0.479136384,1.736694102,-0.351936874,-0.573471639,-0.302087419,-0.23633227,0,0,0,1,0,0,0,0,0,0,0,0,0,1,0,0,0,0,1,0,0,0,0,0,0,0,0,0,0,1,0,0,0,0,0,0,1,1,0,0,2.28,495,509
0.949417023,-0.47202717,-0.152073804,-0.479136384,1.736694102,-0.351936874,-0.573471639,-0.302087419,-0.235706565,0,0,0,1,0,0,0,0,0,0,0,0,0,1,0,0,0,0,1,0,0,0,0,0,0,0,0,0,0,1,0,0,0,0,0,0,1,1,0,0,3.02,551,563
0.949417023,-0.47202717,-0.152073804,-0.479136384,1.736694102,-0.351936874,-0.573471639,-0.302087419,-0.23494112,0,0,0,1,0,0,0,0,0,0,0,0,0,1,0,0,0,0,1,0,0,0,0,0,0,0,0,0,0,1,0,0,0,0,0,0,1,1,0,0,3.66,579,591
0.949417023,-0.47202717,-0.152073804,-0.479136384,1.736694102,-0.351936874,-0.573471639,-0.302087419,-0.231291175,0,0,0,1,0,0,0,0,0,0,0,0,0,1,0,0,0,0,1,0,0,0,0,0,0,0,0,0,0,1,0,0,0,0,0,0,1,1,0,0,4.86,607,617
0.949417023,-0.47202717,-0.152073804,-0.479136384,1.736694102,-0.351936874,-0.573471639,-0.302087419,-0.223642978,0,0,0,1,0,0,0,0,0,0,0,0,0,1,0,0,0,0,1,0,0,0,0,0,0,0,0,0,0,1,0,0,0,0,0,0,1,1,0,0,5.11,611,623
0.949417023,-0.47202717,-0.152073804,-0.479136384,1.736694102,-0.351936874,-0.573471639,-0.302087419,-0.215300248,0,0,0,1,0,0,0,0,0,0,0,0,0,1,0,0,0,0,1,0,0,0,0,0,0,0,0,0,0,1,0,0,0,0,0,0,1,1,0,0,5.16,615,627
0.79373126,-0.333863372,0.077189686,-0.293935182,4.188518793,-0.257000606,-0.14206824,-0.302087419,-0.234419699,0,0,0,1,0,0,0,0,0,0,0,0,0,1,0,0,0,0,0,0,0,1,0,0,0,0,0,0,0,0,1,0,0,0,0,0,1,1,0,0,1.76,571,581
0.79373126,-0.333863372,0.077189686,-0.293935182,4.188518793,-0.257000606,-0.14206824,-0.302087419,-0.215648557,0,0,0,1,0,0,0,0,0,0,0,0,0,1,0,0,0,0,0,0,0,1,0,0,0,0,0,0,0,0,1,0,0,0,0,0,1,1,0,0,1.99,582,592
-0.763126367,-0.371858416,-0.552826384,-0.282360107,-0.498128738,-0.436701398,0.100020269,-0.302087419,-0.235817106,0,0,0,1,0,0,0,0,0,0,0,0,0,1,0,1,0,0,0,0,0,0,0,0,0,0,0,0,0,1,0,0,0,1,0,0,0,1,0,0,1.97,465,480
-0.763126367,-0.371858416,-0.552826384,-0.282360107,-0.498128738,-0.436701398,0.100020269,-0.302087419,-0.235128831,0,0,0,1,0,0,0,0,0,0,0,0,0,1,0,1,0,0,0,0,0,0,0,0,0,0,0,0,0,1,0,0,0,1,0,0,0,1,0,0,2.17,495,520
-0.763126367,-0.371858416,-0.552826384,-0.282360107,-0.498128738,-0.436701398,0.100020269,-0.302087419,-0.215648557,0,0,0,1,0,0,0,0,0,0,0,0,0,1,0,1,0,0,0,0,0,0,0,0,0,0,0,0,0,1,0,0,0,1,0,0,0,1,0,0,2.84,555,570
0.560202616,-0.371858416,-0.552826384,-0.282360107,-0.498128738,-0.436701398,0.100020269,-0.302087419,-0.235817106,0,0,0,1,0,0,0,0,0,0,0,0,0,1,0,1,0,0,0,0,0,0,0,0,0,0,0,0,0,1,0,0,0,1,0,0,0,1,0,0,2.57,525,540
0.560202616,-0.371858416,-0.552826384,-0.282360107,-0.498128738,-0.436701398,0.100020269,-0.302087419,-0.235128831,0,0,0,1,0,0,0,0,0,0,0,0,0,1,0,1,0,0,0,0,0,0,0,0,0,0,0,0,0,1,0,0,0,1,0,0,0,1,0,0,3.25,565,575
0.560202616,-0.371858416,-0.552826384,-0.282360107,-0.498128738,-0.436701398,0.100020269,-0.302087419,-0.215648557,0,0,0,1,0,0,0,0,0,0,0,0,0,1,0,1,0,0,0,0,0,0,0,0,0,0,0,0,0,1,0,0,0,1,0,0,0,1,0,0,4.5,608,615
-0.296069079,-0.371858416,-0.580796529,-0.282360107,-0.498128738,-0.436701398,0.100020269,-0.302087419,-0.235817106,0,0,0,1,0,0,0,0,0,0,0,0,0,1,0,1,0,0,0,0,0,0,0,0,0,0,0,0,0,1,0,0,0,1,0,0,0,1,0,0,2.02,465,480
-0.296069079,-0.371858416,-0.580796529,-0.282360107,-0.498128738,-0.436701398,0.100020269,-0.302087419,-0.235128831,0,0,0,1,0,0,0,0,0,0,0,0,0,1,0,1,0,0,0,0,0,0,0,0,0,0,0,0,0,1,0,0,0,1,0,0,0,1,0,0,2.32,508,518
-0.296069079,-0.371858416,-0.580796529,-0.282360107,-0.498128738,-0.436701398,0.100020269,-0.302087419,-0.215648557,0,0,0,1,0,0,0,0,0,0,0,0,0,1,0,1,0,0,0,0,0,0,0,0,0,0,0,0,0,1,0,0,0,1,0,0,0,1,0,0,3.31,570,580
-0.296069079,-0.371858416,-0.431775261,-0.282360107,-0.498128738,-0.436701398,0.100020269,-0.302087419,-0.235817106,0,0,0,1,0,0,0,0,0,0,0,0,0,1,0,1,0,0,0,0,0,0,0,0,0,0,0,0,0,1,0,0,0,1,0,0,0,1,0,0,2.61,528,550
-0.296069079,-0.371858416,-0.431775261,-0.282360107,-0.498128738,-0.436701398,0.100020269,-0.302087419,-0.235128831,0,0,0,1,0,0,0,0,0,0,0,0,0,1,0,1,0,0,0,0,0,0,0,0,0,0,0,0,0,1,0,0,0,1,0,0,0,1,0,0,2.76,540,560
-0.296069079,-0.371858416,-0.431775261,-0.282360107,-0.498128738,-0.436701398,0.100020269,-0.302087419,-0.215648557,0,0,0,1,0,0,0,0,0,0,0,0,0,1,0,1,0,0,0,0,0,0,0,0,0,0,0,0,0,1,0,0,0,1,0,0,0,1,0,0,3.66,578,610
-0.062540435,-0.47202717,-0.262578806,-0.251107404,-0.498128738,-0.436870927,0.094435759,-0.302087419,-0.23546254,0,0,0,1,0,0,0,0,0,0,0,0,1,0,0,1,0,0,0,0,0,0,0,0,0,0,0,0,0,0,1,0,0,0,1,0,0,1,0,0,2.5,474,617
0.326673972,-0.345261885,-0.395093103,0.294078634,0.005685872,0.021874681,-0.363494062,-0.302087419,-0.235817106,0,0,0,1,0,0,0,0,0,0,0,0,1,0,0,0,0,0,0,0,0,0,1,0,0,0,0,0,0,0,1,0,0,0,1,0,0,1,0,0,2.85,534,577
0.326673972,-0.345261885,-0.395093103,0.294078634,0.005685872,0.021874681,-0.363494062,-0.302087419,-0.23546254,0,0,0,1,0,0,0,0,0,0,0,0,1,0,0,0,0,0,0,0,0,0,1,0,0,0,0,0,0,0,1,0,0,0,1,0,0,1,0,0,3.12,561,586
0.326673972,-0.345261885,-0.395093103,0.294078634,0.005685872,0.021874681,-0.363494062,-0.302087419,-0.234419699,0,0,0,1,0,0,0,0,0,0,0,0,1,0,0,0,0,0,0,0,0,0,1,0,0,0,0,0,0,0,1,0,0,0,1,0,0,1,0,0,3.46,570,594
0.326673972,-0.345261885,-0.395093103,0.294078634,0.005685872,0.021874681,-0.363494062,-0.302087419,-0.232334017,0,0,0,1,0,0,0,0,0,0,0,0,1,0,0,0,0,0,0,0,0,0,1,0,0,0,0,0,0,0,1,0,0,0,1,0,0,1,0,0,3.79,579,595
0.326673972,-0.47202717,-0.152073804,-0.479136384,1.171489445,0.215985443,-0.489703988,-0.302087419,-0.236498499,0,0,0,1,0,0,0,0,0,0,0,0,0,1,0,0,0,0,0,0,0,1,0,0,0,0,0,0,0,0,1,0,0,0,0,0,1,1,0,0,1.98,450,None
0.326673972,-0.47202717,-0.152073804,-0.479136384,1.171489445,0.215985443,-0.489703988,-0.302087419,-0.236478268,0,0,0,1,0,0,0,0,0,0,0,0,0,1,0,0,0,0,0,0,0,1,0,0,0,0,0,0,0,0,1,0,0,0,0,0,1,1,0,0,2.09,467,None
0.326673972,-0.47202717,-0.152073804,-0.479136384,1.171489445,0.215985443,-0.489703988,-0.302087419,-0.236432383,0,0,0,1,0,0,0,0,0,0,0,0,0,1,0,0,0,0,0,0,0,1,0,0,0,0,0,0,0,0,1,0,0,0,0,0,1,1,0,0,2.34,497,None
0.326673972,-0.47202717,-0.152073804,-0.479136384,1.171489445,0.215985443,-0.489703988,-0.302087419,-0.236171672,0,0,0,1,0,0,0,0,0,0,0,0,0,1,0,0,0,0,0,0,0,1,0,0,0,0,0,0,0,0,1,0,0,0,0,0,1,1,0,0,3.21,557,None
0.326673972,-0.47202717,-0.152073804,-0.479136384,1.171489445,0.215985443,-0.489703988,-0.302087419,-0.235306114,0,0,0,1,0,0,0,0,0,0,0,0,0,1,0,0,0,0,0,0,0,1,0,0,0,0,0,0,0,0,1,0,0,0,0,0,1,1,0,0,4.37,594,None
0.326673972,-0.47202717,-0.152073804,-0.479136384,1.171489445,0.215985443,-0.489703988,-0.302087419,-0.231541457,0,0,0,1,0,0,0,0,0,0,0,0,0,1,0,0,0,0,0,0,0,1,0,0,0,0,0,0,0,0,1,0,0,0,0,0,1,1,0,0,6.04,628,None
-2.475669756,0.149709923,0.535716665,-0.525436685,-0.498128738,0.192251376,-0.402585632,-0.302087419,4.268568614,0,1,0,0,0,0,1,0,0,0,0,0,0,0,0,1,0,0,0,0,0,0,0,0,0,0,0,0,0,0,1,0,0,0,0,0,1,1,0,0,1.74,422,510
-2.475669756,0.149709923,0.535716665,1.430751012,-0.498128738,0.192251376,-0.402585632,-0.302087419,4.268568614,0,1,0,0,0,0,0,0,0,0,0,0,1,0,0,1,0,0,0,0,0,0,0,0,0,0,0,0,0,0,1,0,0,0,0,0,1,1,0,0,1.75,404,451
-2.475669756,0.149709923,0.535716665,0.979323082,-0.498128738,0.192251376,-0.402585632,-0.302087419,4.268568614,0,1,0,0,0,0,0,0,0,1,0,0,0,0,0,1,0,0,0,0,0,0,0,0,0,0,0,0,0,0,1,0,0,0,0,0,1,1,0,0,1.79,407,483
-2.475669756,0.149709923,0.535716665,0.956172932,-0.498128738,0.192251376,-0.402585632,-0.302087419,4.268568614,0,1,0,0,0,0,0,0,0,0,1,0,0,0,0,1,0,0,0,0,0,0,0,0,0,0,0,0,0,0,1,0,0,0,0,0,1,1,0,0,1.71,418,530
-2.475669756,0.149709923,0.535716665,-0.525436685,1.856911647,0.192251376,-0.402585632,-0.302087419,4.268568614,0,1,0,0,0,0,1,0,0,0,0,0,0,0,0,0,0,0,0,0,0,0,0,0,0,0,1,0,0,0,1,0,0,0,0,0,1,1,0,0,1.97,413,584
-0.140383316,-0.413307556,0.627422061,-0.525436685,-0.498128738,-0.119682075,-0.566837241,-0.302087419,-0.215648557,0,0,0,0,1,0,1,0,0,0,0,0,0,0,0,1,0,0,0,0,0,0,0,0,0,0,0,0,0,0,0,1,0,0,0,0,1,1,0,0,2,486,488
-0.140383316,-0.413307556,0.627422061,-0.525436685,-0.498128738,-0.119682075,-0.566837241,-0.302087419,-0.173934909,0,0,0,0,1,0,1,0,0,0,0,0,0,0,0,1,0,0,0,0,0,0,0,0,0,0,0,0,0,0,0,1,0,0,0,0,1,1,0,0,2,434,508
-0.140383316,-0.413307556,0.627422061,-0.525436685,-0.498128738,-0.119682075,-0.566837241,-0.302087419,-0.048793965,0,0,0,0,1,0,1,0,0,0,0,0,0,0,0,1,0,0,0,0,0,0,0,0,0,0,0,0,0,0,0,1,0,0,0,0,1,1,0,0,2,414,523
-2.864884163,0.840528914,1.177654436,0.898297556,0.766140896,-0.121377366,-0.681811133,-0.302087419,-0.234419699,0,0,0,1,0,0,0,1,0,0,0,0,0,0,0,0,0,0,0,1,0,0,0,0,0,0,0,0,1,0,0,0,1,0,0,0,0,1,0,0,1.44,383,None
-2.864884163,0.840528914,1.177654436,0.898297556,0.766140896,-0.121377366,-0.681811133,-0.302087419,-0.230248334,0,0,0,1,0,0,0,1,0,0,0,0,0,0,0,0,0,0,0,1,0,0,0,0,0,0,0,0,1,0,0,0,1,0,0,0,0,1,0,0,1.55,399,None
-2.864884163,0.840528914,1.177654436,0.898297556,0.766140896,-0.121377366,-0.681811133,-0.302087419,-0.226076969,0,0,0,1,0,0,0,1,0,0,0,0,0,0,0,0,0,0,0,1,0,0,0,0,0,0,0,0,1,0,0,0,1,0,0,0,0,1,0,0,1.67,412,None
-2.864884163,0.840528914,1.177654436,0.898297556,0.766140896,-0.121377366,-0.681811133,-0.302087419,-0.173934909,0,0,0,1,0,0,0,1,0,0,0,0,0,0,0,0,0,0,0,1,0,0,0,0,0,0,0,0,1,0,0,0,1,0,0,0,0,1,0,0,1.67,415,None
-2.864884163,0.840528914,1.177654436,0.898297556,0.766140896,-0.121377366,-0.681811133,-0.302087419,0.076346979,0,0,0,1,0,0,0,1,0,0,0,0,0,0,0,0,0,0,0,1,0,0,0,0,0,0,0,0,1,0,0,0,1,0,0,0,0,1,0,0,1.67,418,None
-2.787041282,0.840528914,1.177654436,0.898297556,0.766140896,-0.121377366,-0.681811133,-0.302087419,0.597767581,0,0,0,1,0,0,0,1,0,0,0,0,0,0,0,0,0,0,0,1,0,0,0,0,0,0,0,0,0,0,1,0,1,0,0,0,0,1,0,0,1.13,350,None
-2.787041282,0.840528914,1.177654436,0.898297556,0.766140896,-0.121377366,-0.681811133,-0.302087419,2.203743033,0,0,0,1,0,0,0,1,0,0,0,0,0,0,0,0,0,0,0,1,0,0,0,0,0,0,0,0,0,0,1,0,1,0,0,0,0,1,0,0,1.33,380,None
-2.787041282,0.840528914,1.177654436,0.898297556,0.766140896,-0.121377366,-0.681811133,-0.302087419,6.56281926,0,0,0,1,0,0,0,1,0,0,0,0,0,0,0,0,0,0,0,1,0,0,0,0,0,0,0,0,0,0,1,0,1,0,0,0,0,1,0,0,1.33,380,None
-2.787041282,0.840528914,1.177654436,0.898297556,0.766140896,-0.121377366,-0.681811133,-0.302087419,8.481647072,0,0,0,1,0,0,0,1,0,0,0,0,0,0,0,0,0,0,0,1,0,0,0,0,0,0,0,0,0,0,1,0,1,0,0,0,0,1,0,0,1.33,380,None
-2.319983994,0.840528914,1.177654436,0.898297556,0.766140896,-0.121377366,-0.681811133,-0.302087419,-0.215648557,0,0,0,1,0,0,0,1,0,0,0,0,0,0,0,0,0,0,0,1,0,0,0,0,0,0,0,0,0,0,1,0,1,0,0,0,0,1,0,0,1.44,380,None
-2.319983994,0.840528914,1.177654436,0.898297556,0.766140896,-0.121377366,-0.681811133,-0.302087419,-0.048793965,0,0,0,1,0,0,0,1,0,0,0,0,0,0,0,0,0,0,0,1,0,0,0,0,0,0,0,0,0,0,1,0,1,0,0,0,0,1,0,0,1.44,380,None
-2.319983994,0.840528914,1.177654436,0.898297556,0.766140896,-0.121377366,-0.681811133,-0.302087419,0.211916336,0,0,0,1,0,0,0,1,0,0,0,0,0,0,0,0,0,0,0,1,0,0,0,0,0,0,0,0,0,0,1,0,1,0,0,0,0,1,0,0,1.67,405,None
-2.319983994,0.840528914,1.177654436,0.898297556,0.766140896,-0.121377366,-0.681811133,-0.302087419,2.360169213,0,0,0,1,0,0,0,1,0,0,0,0,0,0,0,0,0,0,0,1,0,0,0,0,0,0,0,0,0,0,1,0,1,0,0,0,0,1,0,0,1.78,430,None
-1.775083824,0.840528914,1.177654436,0.898297556,0.766140896,-0.121377366,-0.681811133,-0.302087419,-0.226076969,0,0,0,1,0,0,0,1,0,0,0,0,0,0,0,0,0,0,0,1,0,0,0,0,0,0,0,0,0,0,1,0,1,0,0,0,0,1,0,0,1.78,430,None
-1.775083824,0.840528914,1.177654436,0.898297556,0.766140896,-0.121377366,-0.681811133,-0.302087419,-0.153078085,0,0,0,1,0,0,0,1,0,0,0,0,0,0,0,0,0,0,0,1,0,0,0,0,0,0,0,0,0,0,1,0,1,0,0,0,0,1,0,0,2.15,475,None
-1.775083824,0.840528914,1.177654436,0.898297556,0.766140896,-0.121377366,-0.681811133,-0.302087419,0.149345864,0,0,0,1,0,0,0,1,0,0,0,0,0,0,0,0,0,0,0,1,0,0,0,0,0,0,0,0,0,0,1,0,1,0,0,0,0,1,0,0,2.52,510,None
-1.775083824,0.840528914,1.177654436,0.898297556,0.766140896,-0.121377366,-0.681811133,-0.302087419,2.610451102,0,0,0,1,0,0,0,1,0,0,0,0,0,0,0,0,0,0,0,1,0,0,0,0,0,0,0,0,0,0,1,0,1,0,0,0,0,1,0,0,2.84,545,None
0.482359735,-0.46511898,-0.500554308,-0.386535783,-0.498128738,-0.370585069,-0.439275863,1.792873642,-0.236234243,0,0,0,1,0,0,0,0,0,0,0,0,1,0,0,1,0,0,0,0,0,0,0,0,0,0,0,0,0,0,1,0,0,0,1,0,0,0,0,1,2.1,490,None
0.482359735,-0.46511898,-0.500554308,-0.386535783,-0.498128738,-0.370585069,-0.439275863,1.792873642,-0.235629395,0,0,0,1,0,0,0,0,0,0,0,0,1,0,0,1,0,0,0,0,0,0,0,0,0,0,0,0,0,0,1,0,0,0,1,0,0,0,0,1,2.6,530,None
0.482359735,-0.46511898,-0.500554308,-0.386535783,-0.498128738,-0.370585069,-0.439275863,1.792873642,-0.232584299,0,0,0,1,0,0,0,0,0,0,0,0,1,0,0,1,0,0,0,0,0,0,0,0,0,0,0,0,0,0,1,0,0,0,1,0,0,0,0,1,3.4,570,None
0.482359735,-0.46511898,-0.500554308,-0.386535783,-0.498128738,-0.370585069,-0.439275863,1.792873642,-0.228725786,0,0,0,1,0,0,0,0,0,0,0,0,1,0,0,1,0,0,0,0,0,0,0,0,0,0,0,0,0,0,1,0,0,0,1,0,0,0,0,1,3.7,580,None
0.482359735,-0.46511898,-0.500554308,-0.386535783,-0.498128738,-0.370585069,-0.439275863,1.792873642,-0.194312026,0,0,0,1,0,0,0,0,0,0,0,0,1,0,0,1,0,0,0,0,0,0,0,0,0,0,0,0,0,0,1,0,0,0,1,0,0,0,0,1,4.4,610,None
0.482359735,-0.46511898,-0.500554308,-0.386535783,-0.498128738,-0.370585069,-0.439275863,1.792873642,-0.151367826,0,0,0,1,0,0,0,0,0,0,0,0,1,0,0,1,0,0,0,0,0,0,0,0,0,0,0,0,0,0,1,0,0,0,1,0,0,0,0,1,4.5,610,None
0.482359735,-0.46511898,-0.500554308,-0.386535783,-0.498128738,-0.370585069,-0.38745161,-0.302087419,-0.236192529,0,0,0,1,0,0,0,0,0,0,0,0,1,0,0,1,0,0,0,0,0,0,0,0,0,0,0,0,0,0,1,0,0,0,1,0,0,1,0,0,2.9,550,None
0.482359735,-0.46511898,-0.500554308,-0.386535783,-0.498128738,-0.370585069,-0.38745161,-0.302087419,-0.232083735,0,0,0,1,0,0,0,0,0,0,0,0,1,0,0,1,0,0,0,0,0,0,0,0,0,0,0,0,0,0,1,0,0,0,1,0,0,1,0,0,3.6,575,None
0.482359735,-0.46511898,-0.500554308,-0.386535783,-0.498128738,-0.370585069,-0.38745161,-0.302087419,-0.227015526,0,0,0,1,0,0,0,0,0,0,0,0,1,0,0,1,0,0,0,0,0,0,0,0,0,0,0,0,0,0,1,0,0,0,1,0,0,1,0,0,4.1,595,None
0.482359735,-0.46511898,-0.500554308,-0.386535783,-0.498128738,-0.370585069,-0.38745161,-0.302087419,-0.209766933,0,0,0,1,0,0,0,0,0,0,0,0,1,0,0,1,0,0,0,0,0,0,0,0,0,0,0,0,0,0,1,0,0,0,1,0,0,1,0,0,4.4,600,None
0.482359735,-0.46511898,-0.500554308,-0.386535783,-0.498128738,-0.370585069,-0.38745161,-0.302087419,-0.188284404,0,0,0,1,0,0,0,0,0,0,0,0,1,0,0,1,0,0,0,0,0,0,0,0,0,0,0,0,0,0,1,0,0,0,1,0,0,1,0,0,4.5,605,None
0.482359735,-0.46511898,-0.500554308,-0.386535783,-0.498128738,-0.370585069,-0.38745161,-0.302087419,-0.146466472,0,0,0,1,0,0,0,0,0,0,0,0,1,0,0,1,0,0,0,0,0,0,0,0,0,0,0,0,0,0,1,0,0,0,1,0,0,1,0,0,5.1,630,None
0.482359735,-0.46511898,-0.500554308,-0.386535783,-0.498128738,-0.370585069,-0.439275863,0.01215674,-0.236296813,0,0,0,1,0,0,0,0,0,0,0,0,1,0,0,1,0,0,0,0,0,0,0,0,0,0,0,0,0,0,1,0,0,0,1,0,0,0,0,1,2.3,510,None
0.482359735,-0.46511898,-0.500554308,-0.386535783,-0.498128738,-0.370585069,-0.439275863,0.01215674,-0.23546254,0,0,0,1,0,0,0,0,0,0,0,0,1,0,0,1,0,0,0,0,0,0,0,0,0,0,0,0,0,0,1,0,0,0,1,0,0,0,0,1,3,550,None
0.482359735,-0.46511898,-0.500554308,-0.386535783,-0.498128738,-0.370585069,-0.439275863,0.01215674,-0.233376858,0,0,0,1,0,0,0,0,0,0,0,0,1,0,0,1,0,0,0,0,0,0,0,0,0,0,0,0,0,0,1,0,0,0,1,0,0,0,0,1,3.5,570,None
0.482359735,-0.46511898,-0.500554308,-0.386535783,-0.498128738,-0.370585069,-0.439275863,0.01215674,-0.229372348,0,0,0,1,0,0,0,0,0,0,0,0,1,0,0,1,0,0,0,0,0,0,0,0,0,0,0,0,0,0,1,0,0,0,1,0,0,0,0,1,4,590,None
0.482359735,-0.46511898,-0.500554308,-0.386535783,-0.498128738,-0.370585069,-0.439275863,0.01215674,-0.206888691,0,0,0,1,0,0,0,0,0,0,0,0,1,0,0,1,0,0,0,0,0,0,0,0,0,0,0,0,0,0,1,0,0,0,1,0,0,0,0,1,4.4,600,None
0.482359735,-0.46511898,-0.500554308,-0.386535783,-0.498128738,-0.370585069,-0.439275863,0.01215674,-0.180713377,0,0,0,1,0,0,0,0,0,0,0,0,1,0,0,1,0,0,0,0,0,0,0,0,0,0,0,0,0,0,1,0,0,0,1,0,0,0,0,1,4.5,600,None
0.482359735,-0.46511898,-0.500554308,-0.386535783,-0.498128738,-0.370585069,-0.439275863,0.221652846,-0.236150815,0,0,0,1,0,0,0,0,0,0,0,0,1,0,0,1,0,0,0,0,0,0,0,0,0,0,0,0,0,0,1,0,0,0,1,0,0,0,0,1,2.2,500,None
0.482359735,-0.46511898,-0.500554308,-0.386535783,-0.498128738,-0.370585069,-0.439275863,0.221652846,-0.235087117,0,0,0,1,0,0,0,0,0,0,0,0,1,0,0,1,0,0,0,0,0,0,0,0,0,0,0,0,0,0,1,0,0,0,1,0,0,0,0,1,2.8,545,None
0.482359735,-0.46511898,-0.500554308,-0.386535783,-0.498128738,-0.370585069,-0.439275863,0.221652846,-0.231291175,0,0,0,1,0,0,0,0,0,0,0,0,1,0,0,1,0,0,0,0,0,0,0,0,0,0,0,0,0,0,1,0,0,0,1,0,0,0,0,1,3.6,570,None
0.482359735,-0.46511898,-0.500554308,-0.386535783,-0.498128738,-0.370585069,-0.439275863,0.221652846,-0.219340215,0,0,0,1,0,0,0,0,0,0,0,0,1,0,0,1,0,0,0,0,0,0,0,0,0,0,0,0,0,0,1,0,0,0,1,0,0,0,0,1,4.3,600,None
0.482359735,-0.46511898,-0.500554308,-0.386535783,-0.498128738,-0.370585069,-0.439275863,0.221652846,-0.185051597,0,0,0,1,0,0,0,0,0,0,0,0,1,0,0,1,0,0,0,0,0,0,0,0,0,0,0,0,0,0,1,0,0,0,1,0,0,0,0,1,4.6,620,None
0.482359735,-0.46511898,-0.500554308,-0.386535783,-0.498128738,-0.370585069,-0.439275863,0.221652846,-0.125818216,0,0,0,1,0,0,0,0,0,0,0,0,1,0,0,1,0,0,0,0,0,0,0,0,0,0,0,0,0,0,1,0,0,0,1,0,0,0,0,1,4.9,620,None
0.482359735,-0.46511898,-0.500554308,-0.386535783,-0.498128738,-0.370585069,-0.439275863,5.981667014,-0.236234243,0,0,0,1,0,0,0,0,0,0,0,0,1,0,0,1,0,0,0,0,0,0,0,0,0,0,0,0,0,0,1,0,0,0,1,0,0,0,0,1,1.7,450,None
0.482359735,-0.46511898,-0.500554308,-0.386535783,-0.498128738,-0.370585069,-0.439275863,5.981667014,-0.233376858,0,0,0,1,0,0,0,0,0,0,0,0,1,0,0,1,0,0,0,0,0,0,0,0,0,0,0,0,0,0,1,0,0,0,1,0,0,0,0,1,2.5,530,None
0.482359735,-0.46511898,-0.500554308,-0.386535783,-0.498128738,-0.370585069,-0.439275863,5.981667014,-0.206534125,0,0,0,1,0,0,0,0,0,0,0,0,1,0,0,1,0,0,0,0,0,0,0,0,0,0,0,0,0,0,1,0,0,0,1,0,0,0,0,1,3.5,585,None
0.482359735,-0.46511898,-0.500554308,-0.386535783,-0.498128738,-0.370585069,-0.439275863,5.981667014,-0.180817661,0,0,0,1,0,0,0,0,0,0,0,0,1,0,0,1,0,0,0,0,0,0,0,0,0,0,0,0,0,0,1,0,0,0,1,0,0,0,0,1,3.7,590,None
0.482359735,-0.46511898,-0.500554308,-0.386535783,-0.498128738,-0.370585069,-0.439275863,5.981667014,-0.14844787,0,0,0,1,0,0,0,0,0,0,0,0,1,0,0,1,0,0,0,0,0,0,0,0,0,0,0,0,0,0,1,0,0,0,1,0,0,0,0,1,3.9,595,None
