,Unnamed: 0,Growth Temp (Celsius),Metal_mmol (mmol),Chalcogen_mmol (mmol),CA_mmol (mmol),Amines_mmol (mmol),Phosphines_mmol (mmol),S_I_amount (g),S_II_amount (g),Time_min (min),x0_cadmium acetate,x0_cadmium acetate dihtdrate,x0_cadmium acetate dihydrate,x0_cadmium oxide,x0_cadmium stearate,x0_dimethylcadmium,x1_None,x1_benzoic acid,x1_dodecylphosphonic acid,x1_ethylphosphonic acid,x1_lauric acid,x1_myrstic acid,x1_oleic acid,x1_stearic acid,x2_2-6-dimethylpyridine,x2_None,x2_aniline,x2_benzylamine,x2_dioctylamine/hexadecylamine,x2_dodecylamine,x2_heptylamine,x2_hexadecylamine,x2_octadecylamine,x2_octylamine,x2_oleylamine,x2_pyridine,x2_trioctylamine,x3_None,x3_diphenylphosphine,x3_tributylphosphine,x3_trioctylphosphine,x3_triphenylphosphine,x4_None,x4_liquid parafin,x4_octadecene,x4_phenyl ether,x4_trioctylphosphine oxide,x5_None,x5_phosphinic acid,x5_trioctylphosphine oxide,Diameter_nm,Absorbance max (nm),PL max (nm)
0,0,1.105102786,-0.43748622,-0.2437792,-0.525436685,-0.416112406,-0.165454919,-0.123360132,-0.302087419,-0.226076969,0,0,0,0,1,0,1,0,0,0,0,0,0,0,0,0,0,0,0,0,0,0,1,0,0,0,0,0,0,0,1,0,0,0,1,0,0,1,0,0,3.41,566.0,575
1,1,-0.062540435,-0.47202717,-0.436360531,-0.305510258,-0.498128738,-0.375670941,-0.241193293,-0.302087419,-0.23546254,0,0,0,1,0,0,0,0,0,0,0,0,1,0,0,1,0,0,0,0,0,0,0,0,0,0,0,0,0,0,1,0,0,0,1,0,0,1,0,0,2.5,474.0,617
2,2,0.326673972,-0.47202717,-0.587674434,-0.525436685,-0.498128738,-0.451959013,-0.527427354,-0.302087419,-0.23546254,0,0,0,0,1,0,1,0,0,0,0,0,0,0,0,1,0,0,0,0,0,0,0,0,0,0,0,1,0,0,0,0,0,0,1,0,0,1,0,0,1.99,450.4,497
3,3,0.326673972,-0.47202717,-0.587674434,-0.525436685,-0.498128738,-0.445601674,-0.527427354,-0.302087419,-0.23546254,0,0,0,0,1,0,1,0,0,0,0,0,0,0,0,1,0,0,0,0,0,0,0,0,0,0,0,0,0,0,1,0,0,0,1,0,0,1,0,0,2.13,471.6,510
4,4,0.326673972,-0.47202717,-0.587674434,-0.525436685,-0.498128738,-0.445601674,-0.527427354,-0.302087419,-0.234419699,0,0,0,0,1,0,1,0,0,0,0,0,0,0,0,1,0,0,0,0,0,0,0,0,0,0,0,0,0,0,1,0,0,0,1,0,0,1,0,0,2.27,486.0,517
5,5,0.326673972,-0.47202717,-0.587674434,-0.525436685,-0.498128738,-0.445601674,-0.527427354,-0.302087419,-0.232334017,0,0,0,0,1,0,1,0,0,0,0,0,0,0,0,1,0,0,0,0,0,0,0,0,0,0,0,0,0,0,1,0,0,0,1,0,0,1,0,0,2.53,491.6,522
6,6,0.326673972,-0.47202717,-0.587674434,-0.525436685,-0.498128738,-0.445601674,-0.527427354,-0.302087419,-0.226076969,0,0,0,0,1,0,1,0,0,0,0,0,0,0,0,1,0,0,0,0,0,0,0,0,0,0,0,0,0,0,1,0,0,0,1,0,0,1,0,0,2.71,513.8,532
7,7,0.326673972,-0.47202717,-0.587674434,-0.525436685,-0.498128738,-0.445601674,-0.527427354,-0.302087419,-0.205220145,0,0,0,0,1,0,1,0,0,0,0,0,0,0,0,1,0,0,0,0,0,0,0,0,0,0,0,0,0,0,1,0,0,0,1,0,0,1,0,0,2.91,526.4,547
8,8,0.326673972,-0.47202717,-0.587674434,-0.525436685,-0.498128738,-0.445601674,-0.527427354,-0.302087419,-0.173934909,0,0,0,0,1,0,1,0,0,0,0,0,0,0,0,1,0,0,0,0,0,0,0,0,0,0,0,0,0,0,1,0,0,0,1,0,0,1,0,0,3.02,554.6,550
9,9,0.326673972,-0.47202717,-0.587674434,-0.525436685,-0.498128738,-0.445601674,-0.527427354,-0.302087419,-0.142649673,0,0,0,0,1,0,1,0,0,0,0,0,0,0,0,1,0,0,0,0,0,0,0,0,0,0,0,0,0,0,1,0,0,0,1,0,0,1,0,0,3.02,554.6,549
10,10,0.326673972,-0.47202717,-0.587674434,-0.525436685,-0.498128738,-0.445601674,-0.527427354,-0.302087419,-0.111364437,0,0,0,0,1,0,1,0,0,0,0,0,0,0,0,1,0,0,0,0,0,0,0,0,0,0,0,0,0,0,1,0,0,0,1,0,0,1,0,0,3.02,554.6,548
11,11,0.326673972,-0.47202717,-0.587674434,-0.525436685,-0.498128738,-0.401100298,-0.527427354,-0.302087419,-0.23546254,0,0,0,0,1,0,1,0,0,0,0,0,0,0,0,1,0,0,0,0,0,0,0,0,0,0,0,0,0,0,1,0,0,0,1,0,0,1,0,0,2.98,533.6,549
12,12,0.326673972,-0.47202717,-0.587674434,-0.525436685,-0.498128738,-0.401100298,-0.527427354,-0.302087419,-0.234419699,0,0,0,0,1,0,1,0,0,0,0,0,0,0,0,1,0,0,0,0,0,0,0,0,0,0,0,0,0,0,1,0,0,0,1,0,0,1,0,0,3.21,570.0,560
13,13,0.326673972,-0.47202717,-0.587674434,-0.525436685,-0.498128738,-0.401100298,-0.527427354,-0.302087419,-0.232334017,0,0,0,0,1,0,1,0,0,0,0,0,0,0,0,1,0,0,0,0,0,0,0,0,0,0,0,0,0,0,1,0,0,0,1,0,0,1,0,0,3.43,574.4,582
14,14,0.326673972,-0.47202717,-0.587674434,-0.525436685,-0.498128738,-0.401100298,-0.527427354,-0.302087419,-0.226076969,0,0,0,0,1,0,1,0,0,0,0,0,0,0,0,1,0,0,0,0,0,0,0,0,0,0,0,0,0,0,1,0,0,0,1,0,0,1,0,0,4.07,583.4,593
15,15,0.326673972,-0.47202717,-0.587674434,-0.525436685,-0.498128738,-0.401100298,-0.527427354,-0.302087419,-0.205220145,0,0,0,0,1,0,1,0,0,0,0,0,0,0,0,1,0,0,0,0,0,0,0,0,0,0,0,0,0,0,1,0,0,0,1,0,0,1,0,0,4.95,618.0,602
16,16,0.326673972,-0.47202717,-0.587674434,-0.525436685,-0.498128738,-0.401100298,-0.527427354,-0.302087419,-0.173934909,0,0,0,0,1,0,1,0,0,0,0,0,0,0,0,1,0,0,0,0,0,0,0,0,0,0,0,0,0,0,1,0,0,0,1,0,0,1,0,0,5.41,632.0,603
17,17,0.326673972,-0.47202717,-0.587674434,-0.525436685,-0.498128738,-0.401100298,-0.527427354,-0.302087419,-0.142649673,0,0,0,0,1,0,1,0,0,0,0,0,0,0,0,1,0,0,0,0,0,0,0,0,0,0,0,0,0,0,1,0,0,0,1,0,0,1,0,0,5.49,632.0,603
18,18,0.326673972,-0.47202717,-0.587674434,-0.525436685,-0.498128738,-0.401100298,-0.527427354,-0.302087419,-0.111364437,0,0,0,0,1,0,1,0,0,0,0,0,0,0,0,1,0,0,0,0,0,0,0,0,0,0,0,0,0,0,1,0,0,0,1,0,0,1,0,0,5.55,632.0,604
19,19,0.404516853,-0.371858416,-0.550992276,0.129712567,-0.498128738,-0.264629413,-0.681811133,-0.302087419,-0.236150815,0,0,0,1,0,0,0,0,0,0,0,0,0,1,0,1,0,0,0,0,0,0,0,0,0,0,0,0,0,1,0,0,1,0,0,0,0,1,0,0,2.6,526.0,556
20,20,0.404516853,-0.371858416,-0.550992276,0.129712567,-0.498128738,-0.264629413,-0.681811133,-0.302087419,-0.235796249,0,0,0,1,0,0,0,0,0,0,0,0,0,1,0,1,0,0,0,0,0,0,0,0,0,0,0,0,0,1,0,0,1,0,0,0,0,1,0,0,3.2,559.0,580
21,21,0.404516853,-0.371858416,-0.550992276,0.129712567,-0.498128738,-0.264629413,-0.681811133,-0.302087419,-0.235087117,0,0,0,1,0,0,0,0,0,0,0,0,0,1,0,1,0,0,0,0,0,0,0,0,0,0,0,0,0,1,0,0,1,0,0,0,0,1,0,0,3.6,574.0,598
22,22,0.404516853,-0.371858416,-0.550992276,0.129712567,-0.498128738,-0.264629413,-0.681811133,-0.302087419,-0.234419699,0,0,0,1,0,0,0,0,0,0,0,0,0,1,0,1,0,0,0,0,0,0,0,0,0,0,0,0,0,1,0,0,1,0,0,0,0,1,0,0,3.9,582.0,601
23,23,0.482359735,0.381134285,0.696201108,6.075828661,-0.498128738,0.119353885,-0.681811133,-0.302087419,-0.235566824,0,0,0,1,0,0,0,0,0,0,0,0,1,0,0,1,0,0,0,0,0,0,0,0,0,0,0,0,0,0,1,0,1,0,0,0,0,1,0,0,3.23,556.0,562
24,24,0.482359735,0.381134285,0.696201108,6.075828661,-0.498128738,0.119353885,-0.681811133,-0.302087419,-0.234795122,0,0,0,1,0,0,0,0,0,0,0,0,1,0,0,1,0,0,0,0,0,0,0,0,0,0,0,0,0,0,1,0,1,0,0,0,0,1,0,0,3.61,570.0,577
25,25,0.482359735,0.381134285,0.696201108,6.075828661,-0.498128738,0.119353885,-0.681811133,-0.302087419,-0.234065133,0,0,0,1,0,0,0,0,0,0,0,0,1,0,0,1,0,0,0,0,0,0,0,0,0,0,0,0,0,0,1,0,1,0,0,0,0,1,0,0,3.86,574.0,588
26,26,0.482359735,0.381134285,0.696201108,6.075828661,-0.498128738,0.119353885,-0.681811133,-0.302087419,-0.220862763,0,0,0,1,0,0,0,0,0,0,0,0,1,0,0,1,0,0,0,0,0,0,0,0,0,0,0,0,0,0,1,0,1,0,0,0,0,1,0,0,4.74,605.0,624
27,27,0.326673972,-0.47202717,-0.564748085,-0.415473471,-0.498128738,-0.071366296,-0.461222987,-0.302087419,-0.194791733,0,0,0,1,0,0,0,0,0,0,0,0,1,0,0,1,0,0,0,0,0,0,0,0,0,0,0,0,0,0,1,0,0,0,1,0,0,1,0,0,3.7,578.0,580
28,28,0.79373126,-0.282051947,-0.312558247,-0.157349296,4.22366865,0.737287271,-0.132853799,-0.302087419,-0.234419699,0,0,0,1,0,0,0,0,0,0,0,0,0,1,0,0,0,0,0,0,0,1,0,0,0,0,0,0,0,0,1,0,0,0,0,0,1,1,0,0,3.7,577.0,600
29,29,0.79373126,-0.282051947,-0.312558247,-0.157349296,4.22366865,0.737287271,-0.132853799,-0.302087419,-0.235128831,0,0,0,1,0,0,0,0,0,0,0,0,0,1,0,0,0,0,0,0,0,1,0,0,0,0,0,0,0,0,1,0,0,0,0,0,1,1,0,0,2.9,543.0,577
30,30,0.79373126,-0.282051947,-0.312558247,-0.157349296,4.22366865,0.737287271,-0.132853799,-0.302087419,-0.235817106,0,0,0,1,0,0,0,0,0,0,0,0,0,1,0,0,0,0,0,0,0,1,0,0,0,0,0,0,0,0,1,0,0,0,0,0,1,1,0,0,2.69,530.0,547
31,31,0.79373126,-0.282051947,-0.312558247,-0.157349296,4.22366865,0.737287271,-0.132853799,-0.302087419,0.109717898,0,0,0,1,0,0,0,0,0,0,0,0,0,1,0,0,0,0,0,0,0,1,0,0,0,0,0,0,0,0,1,0,0,0,0,0,1,1,0,0,2.39,506.0,505
32,32,0.015302447,-0.43748622,0.306453175,-0.455986234,-0.427711859,-0.071366296,-0.241193293,-0.302087419,-0.236331644,0,0,0,1,0,0,0,0,0,0,0,0,1,0,0,0,0,0,0,0,0,1,0,0,0,0,0,0,0,0,1,0,0,0,1,0,0,1,0,0,2.22,473.0,488
33,33,-0.296069079,-0.43748622,0.306453175,-0.455986234,-0.427711859,-0.071366296,-0.241193293,-0.302087419,-0.236331644,0,0,0,1,0,0,0,0,0,0,0,0,1,0,0,0,0,0,0,0,0,1,0,0,0,0,0,0,0,0,1,0,0,0,1,0,0,1,0,0,1.9,459.0,477
34,34,-0.607440604,-0.43748622,0.306453175,-0.455986234,-0.427711859,-0.071366296,-0.241193293,-0.302087419,-0.236331644,0,0,0,1,0,0,0,0,0,0,0,0,1,0,0,0,0,0,0,0,0,1,0,0,0,0,0,0,0,0,1,0,0,0,1,0,0,1,0,0,1.8,440.0,459
35,35,-0.918812129,-0.43748622,0.306453175,-0.455986234,-0.427711859,-0.071366296,-0.241193293,-0.302087419,-0.236331644,0,0,0,1,0,0,0,0,0,0,0,0,1,0,0,0,0,0,0,0,0,1,0,0,0,0,0,0,0,0,1,0,0,0,1,0,0,1,0,0,1.6,427.0,454
36,36,0.170988209,4.104648651,3.919645771,-0.525436685,-0.498128738,4.303330831,0.478650048,-0.302087419,-0.226076969,0,0,0,0,0,1,1,0,0,0,0,0,0,0,0,1,0,0,0,0,0,0,0,0,0,0,0,0,0,0,1,0,0,0,0,0,1,1,0,0,1.2,412.0,508.57142857142856
37,37,0.170988209,4.104648651,3.919645771,-0.525436685,-0.498128738,4.303330831,0.478650048,-0.302087419,-0.225034128,0,0,0,0,0,1,1,0,0,0,0,0,0,0,0,1,0,0,0,0,0,0,0,0,0,0,0,0,0,0,1,0,0,0,0,0,1,1,0,0,1.6,461.0,508.57142857142856
38,38,0.170988209,4.104648651,3.919645771,-0.525436685,-0.498128738,4.303330831,0.478650048,-0.302087419,-0.223991287,0,0,0,0,0,1,1,0,0,0,0,0,0,0,0,1,0,0,0,0,0,0,0,0,0,0,0,0,0,0,1,0,0,0,0,0,1,1,0,0,1.9,482.0,508.57142857142856
39,39,0.170988209,4.104648651,3.919645771,-0.525436685,-0.498128738,4.303330831,0.478650048,-0.302087419,-0.222948446,0,0,0,0,0,1,1,0,0,0,0,0,0,0,0,1,0,0,0,0,0,0,0,0,0,0,0,0,0,0,1,0,0,0,0,0,1,1,0,0,2.3,519.0,512.7142857142857
40,40,0.170988209,4.104648651,3.919645771,-0.525436685,-0.498128738,4.303330831,0.478650048,-0.302087419,-0.221905605,0,0,0,0,0,1,1,0,0,0,0,0,0,0,0,1,0,0,0,0,0,0,0,0,0,0,0,0,0,0,1,0,0,0,0,0,1,1,0,0,3.2,553.0,533.2857142857143
41,41,0.170988209,4.104648651,3.919645771,-0.525436685,-0.498128738,4.303330831,0.478650048,-0.302087419,-0.220862763,0,0,0,0,0,1,1,0,0,0,0,0,0,0,0,1,0,0,0,0,0,0,0,0,0,0,0,0,0,0,1,0,0,0,0,0,1,1,0,0,3.7,571.0,544.7142857142857
42,42,0.170988209,4.104648651,3.919645771,-0.525436685,-0.498128738,4.303330831,0.478650048,-0.302087419,-0.219819922,0,0,0,0,0,1,1,0,0,0,0,0,0,0,0,1,0,0,0,0,0,0,0,0,0,0,0,0,0,0,1,0,0,0,0,0,1,1,0,0,5.3,608.0,562.5714285714286
43,43,0.170988209,4.104648651,3.919645771,-0.525436685,-0.498128738,4.303330831,0.478650048,-0.302087419,-0.218777081,0,0,0,0,0,1,1,0,0,0,0,0,0,0,0,1,0,0,0,0,0,0,0,0,0,0,0,0,0,0,1,0,0,0,0,0,1,1,0,0,5.1,641.0,562.5714285714286
44,44,0.170988209,4.104648651,3.919645771,-0.525436685,-0.498128738,4.303330831,0.478650048,-0.302087419,-0.21773424,0,0,0,0,0,1,1,0,0,0,0,0,0,0,0,1,0,0,0,0,0,0,0,0,0,0,0,0,0,0,1,0,0,0,0,0,1,1,0,0,6.5,658.0,562.5714285714286
45,45,0.170988209,4.104648651,3.919645771,-0.525436685,-0.498128738,4.303330831,0.478650048,-0.302087419,-0.216691399,0,0,0,0,0,1,1,0,0,0,0,0,0,0,0,1,0,0,0,0,0,0,0,0,0,0,0,0,0,0,1,0,0,0,0,0,1,1,0,0,8.3,681.0,562.5714285714286
46,46,0.170988209,4.104648651,3.919645771,-0.525436685,-0.498128738,4.303330831,0.478650048,-0.302087419,-0.215648557,0,0,0,0,0,1,1,0,0,0,0,0,0,0,0,1,0,0,0,0,0,0,0,0,0,0,0,0,0,0,1,0,0,0,0,0,1,1,0,0,11.5,685.0,562.5714285714286
47,47,0.015302447,0.184250872,0.297282636,-0.455986234,-0.459463896,-0.071366296,-0.241193293,-0.302087419,-0.236338527,0,0,0,1,0,0,0,0,0,0,0,0,0,1,0,0,0,0,0,0,0,1,0,0,0,0,0,0,0,0,1,0,0,0,1,0,0,1,0,0,2.13,480.0,489.7142857142857
48,48,0.015302447,0.184250872,0.297282636,-0.455986234,-0.459463896,-0.071366296,-0.241193293,-0.302087419,-0.23546254,0,0,0,1,0,0,0,0,0,0,0,0,1,0,0,0,0,0,0,0,0,1,0,0,0,0,0,0,0,0,1,0,0,0,1,0,0,1,0,0,2.31,500.0,524.5714285714286
49,49,0.015302447,0.184250872,0.297282636,-0.455986234,-0.459463896,-0.071366296,-0.241193293,-0.302087419,-0.232334017,0,0,0,1,0,0,0,0,0,0,0,0,1,0,0,0,0,0,0,0,0,1,0,0,0,0,0,0,0,0,1,0,0,0,1,0,0,1,0,0,2.59,525.0,535.5714285714286
50,50,0.015302447,0.184250872,0.297282636,-0.455986234,-0.459463896,-0.071366296,-0.241193293,-0.302087419,-0.219819922,0,0,0,1,0,0,0,0,0,0,0,0,1,0,0,0,0,0,0,0,0,1,0,0,0,0,0,0,0,0,1,0,0,0,1,0,0,1,0,0,2.84,550.0,540.2857142857143
51,51,0.015302447,0.184250872,0.297282636,-0.455986234,-0.459463896,-0.071366296,-0.241193293,-0.302087419,-0.169763544,0,0,0,1,0,0,0,0,0,0,0,0,1,0,0,0,0,0,0,0,0,1,0,0,0,0,0,0,0,0,1,0,0,0,1,0,0,1,0,0,2.91,552.0,540.2857142857143
52,52,1.105102786,-0.0402653,-0.156659074,-0.525436685,1.928074117,-0.262086477,0.108955485,-0.302087419,-0.198963098,0,0,0,0,0,1,1,0,0,0,0,0,0,0,0,0,0,0,0,0,0,1,0,0,0,0,0,0,0,0,1,0,0,0,0,0,1,1,0,0,3.9,520.0,535
53,53,1.105102786,-0.0402653,-0.156659074,-0.525436685,1.928074117,-0.262086477,0.108955485,-0.302087419,-0.132221261,0,0,0,0,0,1,1,0,0,0,0,0,0,0,0,0,0,0,0,0,0,1,0,0,0,0,0,0,0,0,1,0,0,0,0,0,1,1,0,0,4.07,548.0,558
54,54,1.105102786,-0.0402653,-0.156659074,-0.525436685,1.928074117,-0.262086477,0.108955485,-0.302087419,-0.027937141,0,0,0,0,0,1,1,0,0,0,0,0,0,0,0,0,0,0,0,0,0,1,0,0,0,0,0,0,0,0,1,0,0,0,0,0,1,1,0,0,4.19,570.0,580
55,55,1.105102786,-0.0402653,-0.156659074,-0.525436685,1.928074117,-0.262086477,0.108955485,-0.302087419,0.076346979,0,0,0,0,0,1,1,0,0,0,0,0,0,0,0,0,0,0,0,0,0,1,0,0,0,0,0,0,0,0,1,0,0,0,0,0,1,1,0,0,4.3,580.0,590
56,56,1.105102786,-0.0402653,-0.156659074,-0.525436685,1.928074117,-0.262086477,0.108955485,-0.302087419,0.1806311,0,0,0,0,0,1,1,0,0,0,0,0,0,0,0,0,0,0,0,0,0,1,0,0,0,0,0,0,0,0,1,0,0,0,0,0,1,1,0,0,4.39,595.0,600
57,57,1.105102786,-0.0402653,-0.156659074,-0.525436685,1.928074117,-0.262086477,0.108955485,-0.302087419,0.239030207,0,0,0,0,0,1,1,0,0,0,0,0,0,0,0,0,0,0,0,0,0,1,0,0,0,0,0,0,0,0,1,0,0,0,0,0,1,1,0,0,4.9,630.0,640
58,58,1.105102786,-0.0402653,-0.156659074,-0.525436685,1.928074117,-0.262086477,0.108955485,-0.302087419,0.28491522,0,0,0,0,0,1,1,0,0,0,0,0,0,0,0,0,0,0,0,0,0,1,0,0,0,0,0,0,0,0,1,0,0,0,0,0,1,1,0,0,5.05,640.0,650
59,59,0.326673972,-0.402945271,-0.473042689,-0.525436685,1.691950783,0.463497855,-0.402585632,-0.302087419,-0.236157072,0,0,0,0,1,0,1,0,0,0,0,0,0,0,0,0,0,0,0,0,0,0,0,0,1,0,0,0,0,1,0,0,0,0,0,0,1,1,0,0,1.92,460.0,470
60,60,0.326673972,-0.402945271,-0.473042689,-0.525436685,1.691950783,0.463497855,-0.402585632,-0.302087419,-0.226076969,0,0,0,0,1,0,1,0,0,0,0,0,0,0,0,0,0,0,0,0,0,0,0,0,1,0,0,0,0,1,0,0,0,0,0,0,1,1,0,0,2.87,540.0,550
61,61,0.326673972,-0.402945271,-0.473042689,-0.525436685,1.691950783,0.463497855,-0.402585632,-0.302087419,-0.205220145,0,0,0,0,1,0,1,0,0,0,0,0,0,0,0,0,0,0,0,0,0,0,0,0,1,0,0,0,0,1,0,0,0,0,0,0,1,1,0,0,3.02,550.0,565
62,62,0.326673972,-0.402945271,-0.473042689,-0.525436685,1.691950783,0.463497855,-0.402585632,-0.302087419,-0.173934909,0,0,0,0,1,0,1,0,0,0,0,0,0,0,0,0,0,0,0,0,0,0,0,0,1,0,0,0,0,1,0,0,0,0,0,0,1,1,0,0,3.15,555.0,570
63,63,0.326673972,-0.402945271,-0.473042689,-0.525436685,1.691950783,0.463497855,-0.402585632,-0.302087419,-0.111364437,0,0,0,0,1,0,1,0,0,0,0,0,0,0,0,0,0,0,0,0,0,0,0,0,1,0,0,0,0,1,0,0,0,0,0,0,1,1,0,0,3.38,565.0,575
64,64,0.326673972,-0.402945271,-0.473042689,-0.525436685,1.691950783,0.463497855,-0.402585632,-0.302087419,0.138917452,0,0,0,0,1,0,1,0,0,0,0,0,0,0,0,0,0,0,0,0,0,0,0,0,1,0,0,0,0,1,0,0,0,0,0,0,1,1,0,0,3.57,580.0,580
65,65,0.79373126,-0.230240523,-0.427189991,-0.300880227,-0.498128738,-0.451959013,0.199424547,-0.302087419,-0.236442811,0,0,0,1,0,0,0,0,0,0,0,1,0,0,0,1,0,0,0,0,0,0,0,0,0,0,0,1,0,0,0,0,0,0,1,0,0,1,0,0,1.3,410.0,435
66,66,0.79373126,-0.230240523,-0.427189991,-0.300880227,-0.498128738,-0.451959013,0.199424547,-0.302087419,-0.236338527,0,0,0,1,0,0,0,0,0,0,0,1,0,0,0,1,0,0,0,0,0,0,0,0,0,0,0,1,0,0,0,0,0,0,1,0,0,1,0,0,1.7,435.0,455
67,67,0.79373126,-0.230240523,-0.427189991,-0.300880227,-0.498128738,-0.451959013,0.199424547,-0.302087419,-0.236150815,0,0,0,1,0,0,0,0,0,0,0,1,0,0,0,1,0,0,0,0,0,0,0,0,0,0,0,1,0,0,0,0,0,0,1,0,0,1,0,0,2.1,470.0,480
68,68,0.79373126,-0.230240523,-0.427189991,-0.300880227,-0.498128738,-0.451959013,0.199424547,-0.302087419,-0.235817106,0,0,0,1,0,0,0,0,0,0,0,1,0,0,0,1,0,0,0,0,0,0,0,0,0,0,0,1,0,0,0,0,0,0,1,0,0,1,0,0,2.5,490.0,515
69,69,0.79373126,-0.230240523,-0.427189991,-0.300880227,-0.498128738,-0.451959013,0.199424547,-0.302087419,-0.23546254,0,0,0,1,0,0,0,0,0,0,0,1,0,0,0,1,0,0,0,0,0,0,0,0,0,0,0,1,0,0,0,0,0,0,1,0,0,1,0,0,2.8,508.0,525
70,70,0.79373126,-0.230240523,-0.427189991,-0.300880227,-0.498128738,-0.451959013,0.199424547,-0.302087419,-0.235107974,0,0,0,1,0,0,0,0,0,0,0,1,0,0,0,1,0,0,0,0,0,0,0,0,0,0,0,1,0,0,0,0,0,0,1,0,0,1,0,0,2.9,512.0,528
71,71,0.79373126,-0.230240523,-0.427189991,-0.300880227,-0.498128738,-0.451959013,0.199424547,-0.302087419,-0.234774265,0,0,0,1,0,0,0,0,0,0,0,1,0,0,0,1,0,0,0,0,0,0,0,0,0,0,0,1,0,0,0,0,0,0,1,0,0,1,0,0,3.1,520.0,530
72,72,0.79373126,-0.230240523,-0.427189991,-0.300880227,-0.498128738,-0.451959013,0.199424547,-0.302087419,-0.234419699,0,0,0,1,0,0,0,0,0,0,0,1,0,0,0,1,0,0,0,0,0,0,0,0,0,0,0,1,0,0,0,0,0,0,1,0,0,1,0,0,3.3,523.0,535
73,73,0.79373126,-0.230240523,-0.427189991,-0.300880227,-0.498128738,-0.451959013,0.199424547,-0.302087419,-0.230248334,0,0,0,1,0,0,0,0,0,0,0,1,0,0,0,1,0,0,0,0,0,0,0,0,0,0,0,1,0,0,0,0,0,0,1,0,0,1,0,0,3.8,535.0,550
74,74,0.79373126,-0.230240523,-0.427189991,-0.300880227,-0.498128738,-0.451959013,0.199424547,-0.302087419,-0.226076969,0,0,0,1,0,0,0,0,0,0,0,1,0,0,0,1,0,0,0,0,0,0,0,0,0,0,0,1,0,0,0,0,0,0,1,0,0,1,0,0,4.2,560.0,570
75,75,0.79373126,-0.230240523,-0.427189991,-0.300880227,-0.498128738,-0.451959013,0.199424547,-0.302087419,-0.215648557,0,0,0,1,0,0,0,0,0,0,0,1,0,0,0,1,0,0,0,0,0,0,0,0,0,0,0,1,0,0,0,0,0,0,1,0,0,1,0,0,4.6,575.0,580
76,76,0.79373126,-0.230240523,-0.427189991,-0.300880227,-0.498128738,-0.451959013,0.199424547,-0.302087419,-0.153078085,0,0,0,1,0,0,0,0,0,0,0,1,0,0,0,1,0,0,0,0,0,0,0,0,0,0,0,1,0,0,0,0,0,0,1,0,0,1,0,0,4.7,587.0,595
77,77,-0.918812129,-0.313138802,-0.528065927,-0.158506803,-0.498128738,-0.414662622,0.154748467,-0.302087419,-0.230248334,1,0,0,0,0,0,0,0,0,0,0,0,1,0,0,1,0,0,0,0,0,0,0,0,0,0,0,0,0,1,0,0,0,0,0,1,0,1,0,0,2.1208,475.0,507
78,78,-0.918812129,-0.313138802,-0.528065927,-0.158506803,-0.498128738,-0.414662622,0.154748467,-0.302087419,-0.221905605,1,0,0,0,0,0,0,0,0,0,0,0,1,0,0,1,0,0,0,0,0,0,0,0,0,0,0,0,0,1,0,0,0,0,0,1,0,1,0,0,2.25,490.0,542
79,79,-0.918812129,-0.313138802,-0.528065927,-0.158506803,-0.498128738,-0.414662622,0.154748467,-0.302087419,-0.203134463,1,0,0,0,0,0,0,0,0,0,0,0,1,0,0,1,0,0,0,0,0,0,0,0,0,0,0,0,0,1,0,0,0,0,0,1,0,1,0,0,2.299,495.0,525
80,80,-0.918812129,-0.313138802,-0.528065927,-0.158506803,-0.498128738,-0.414662622,0.154748467,-0.302087419,-0.186449004,1,0,0,0,0,0,0,0,0,0,0,0,1,0,0,1,0,0,0,0,0,0,0,0,0,0,0,0,0,1,0,0,0,0,0,1,0,1,0,0,2.4065,505.0,530
81,81,-0.918812129,-0.313138802,-0.528065927,-0.158506803,-0.498128738,-0.414662622,0.154748467,-0.302087419,-0.161420815,1,0,0,0,0,0,0,0,0,0,0,0,1,0,0,1,0,0,0,0,0,0,0,0,0,0,0,0,0,1,0,0,0,0,0,1,0,1,0,0,2.4527,510.0,535
82,82,-0.918812129,-0.313138802,-0.528065927,-0.158506803,-0.498128738,-0.414662622,0.154748467,-0.302087419,-0.132221261,1,0,0,0,0,0,0,0,0,0,0,0,1,0,0,1,0,0,0,0,0,0,0,0,0,0,0,0,0,1,0,0,0,0,0,1,0,1,0,0,2.4664,512.0,540
83,83,-1.385869417,-0.313138802,-0.528065927,-0.158506803,-0.498128738,-0.414662622,0.154748467,-0.302087419,-0.230248334,1,0,0,0,0,0,0,0,0,0,0,0,1,0,0,1,0,0,0,0,0,0,0,0,0,0,0,0,0,1,0,0,0,0,0,1,0,1,0,0,1.9138,445.0,490
84,84,-1.385869417,-0.313138802,-0.528065927,-0.158506803,-0.498128738,-0.414662622,0.154748467,-0.302087419,-0.221905605,1,0,0,0,0,0,0,0,0,0,0,0,1,0,0,1,0,0,0,0,0,0,0,0,0,0,0,0,0,1,0,0,0,0,0,1,0,1,0,0,2.0272,460.0,500
85,85,-1.385869417,-0.313138802,-0.528065927,-0.158506803,-0.498128738,-0.414662622,0.154748467,-0.302087419,-0.203134463,1,0,0,0,0,0,0,0,0,0,0,0,1,0,0,1,0,0,0,0,0,0,0,0,0,0,0,0,0,1,0,0,0,0,0,1,0,1,0,0,2.1516,477.0,505
86,86,-1.385869417,-0.313138802,-0.528065927,-0.158506803,-0.498128738,-0.414662622,0.154748467,-0.302087419,-0.186449004,1,0,0,0,0,0,0,0,0,0,0,0,1,0,0,1,0,0,0,0,0,0,0,0,0,0,0,0,0,1,0,0,0,0,0,1,0,1,0,0,2.2015,480.0,513
87,87,-1.385869417,-0.313138802,-0.528065927,-0.158506803,-0.498128738,-0.414662622,0.154748467,-0.302087419,-0.161420815,1,0,0,0,0,0,0,0,0,0,0,0,1,0,0,1,0,0,0,0,0,0,0,0,0,0,0,0,0,1,0,0,0,0,0,1,0,1,0,0,2.2939,495.0,521
88,88,-1.385869417,-0.313138802,-0.528065927,-0.158506803,-0.498128738,-0.414662622,0.154748467,-0.302087419,-0.132221261,1,0,0,0,0,0,0,0,0,0,0,0,1,0,0,1,0,0,0,0,0,0,0,0,0,0,0,0,0,1,0,0,0,0,0,1,0,1,0,0,2.3523,503.0,525
89,89,-1.852926706,-0.313138802,-0.528065927,-0.158506803,-0.498128738,-0.414662622,0.154748467,-0.302087419,-0.221905605,1,0,0,0,0,0,0,0,0,0,0,0,1,0,0,1,0,0,0,0,0,0,0,0,0,0,0,0,0,1,0,0,0,0,0,1,0,1,0,0,1.7075,448.0,485
90,90,-1.852926706,-0.313138802,-0.528065927,-0.158506803,-0.498128738,-0.414662622,0.154748467,-0.302087419,-0.203134463,1,0,0,0,0,0,0,0,0,0,0,0,1,0,0,1,0,0,0,0,0,0,0,0,0,0,0,0,0,1,0,0,0,0,0,1,0,1,0,0,1.9458,455.0,490
91,91,-1.852926706,-0.313138802,-0.528065927,-0.158506803,-0.498128738,-0.414662622,0.154748467,-0.302087419,-0.186449004,1,0,0,0,0,0,0,0,0,0,0,0,1,0,0,1,0,0,0,0,0,0,0,0,0,0,0,0,0,1,0,0,0,0,0,1,0,1,0,0,2.0144,460.0,495
92,92,-1.852926706,-0.313138802,-0.528065927,-0.158506803,-0.498128738,-0.414662622,0.154748467,-0.302087419,-0.161420815,1,0,0,0,0,0,0,0,0,0,0,0,1,0,0,1,0,0,0,0,0,0,0,0,0,0,0,0,0,1,0,0,0,0,0,1,0,1,0,0,2.0673,465.0,497
93,93,-1.852926706,-0.313138802,-0.528065927,-0.158506803,-0.498128738,-0.414662622,0.154748467,-0.302087419,-0.132221261,1,0,0,0,0,0,0,0,0,0,0,0,1,0,0,1,0,0,0,0,0,0,0,0,0,0,0,0,0,1,0,0,0,0,0,1,0,1,0,0,2.0995,470.0,500
94,94,0.015302447,-0.344225657,-0.395093103,0.084569774,-0.498128738,-0.18664605,0.278724589,1.052413267,-0.236150815,0,0,0,1,0,0,0,0,0,0,0,0,1,0,0,1,0,0,0,0,0,0,0,0,0,0,0,0,0,0,1,0,0,0,1,0,0,0,1,0,2.4731,491.0,504
95,95,0.015302447,-0.344225657,-0.395093103,0.084569774,-0.498128738,-0.18664605,0.278724589,1.052413267,-0.23546254,0,0,0,1,0,0,0,0,0,0,0,0,1,0,0,1,0,0,0,0,0,0,0,0,0,0,0,0,0,0,1,0,0,0,1,0,0,0,1,0,2.9895,537.0,547
96,96,0.015302447,-0.344225657,-0.395093103,0.084569774,-0.498128738,-0.18664605,0.278724589,1.052413267,-0.234419699,0,0,0,1,0,0,0,0,0,0,0,0,1,0,0,1,0,0,0,0,0,0,0,0,0,0,0,0,0,0,1,0,0,0,1,0,0,0,1,0,3.3729,553.0,563
97,97,0.015302447,-0.344225657,-0.395093103,0.084569774,-0.498128738,-0.18664605,0.278724589,1.052413267,-0.230248334,0,0,0,1,0,0,0,0,0,0,0,0,1,0,0,1,0,0,0,0,0,0,0,0,0,0,0,0,0,0,1,0,0,0,1,0,0,0,1,0,3.6857,565.0,575
98,98,0.015302447,-0.344225657,-0.395093103,0.084569774,-0.498128738,-0.18664605,0.278724589,1.052413267,-0.226076969,0,0,0,1,0,0,0,0,0,0,0,0,1,0,0,1,0,0,0,0,0,0,0,0,0,0,0,0,0,0,1,0,0,0,1,0,0,0,1,0,3.8215,568.0,578
99,99,0.015302447,-0.344225657,-0.395093103,0.084569774,-0.498128738,-0.18664605,0.278724589,1.052413267,-0.215648557,0,0,0,1,0,0,0,0,0,0,0,0,1,0,0,1,0,0,0,0,0,0,0,0,0,0,0,0,0,0,1,0,0,0,1,0,0,0,1,0,3.8785,570.0,583
100,100,0.015302447,-0.344225657,-0.395093103,0.084569774,-0.498128738,-0.18664605,0.278724589,1.052413267,-0.194791733,0,0,0,1,0,0,0,0,0,0,0,0,1,0,0,1,0,0,0,0,0,0,0,0,0,0,0,0,0,0,1,0,0,0,1,0,0,0,1,0,4.0901,575.0,586
101,101,0.015302447,-0.344225657,-0.395093103,0.084569774,-0.498128738,-0.451959013,0.340154199,1.052413267,-0.236150815,0,0,0,1,0,0,0,0,0,0,0,0,1,0,0,1,0,0,0,0,0,0,0,0,0,0,0,1,0,0,0,0,0,0,1,0,0,0,1,0,2.34,472.0,498
102,102,0.015302447,-0.344225657,-0.395093103,0.084569774,-0.498128738,-0.451959013,0.340154199,1.052413267,-0.23546254,0,0,0,1,0,0,0,0,0,0,0,0,1,0,0,1,0,0,0,0,0,0,0,0,0,0,0,1,0,0,0,0,0,0,1,0,0,0,1,0,2.7943,519.0,537
103,103,0.015302447,-0.344225657,-0.395093103,0.084569774,-0.498128738,-0.451959013,0.340154199,1.052413267,-0.234419699,0,0,0,1,0,0,0,0,0,0,0,0,1,0,0,1,0,0,0,0,0,0,0,0,0,0,0,1,0,0,0,0,0,0,1,0,0,0,1,0,2.9968,532.0,547
104,104,0.015302447,-0.344225657,-0.395093103,0.084569774,-0.498128738,-0.451959013,0.340154199,1.052413267,-0.226076969,0,0,0,1,0,0,0,0,0,0,0,0,1,0,0,1,0,0,0,0,0,0,0,0,0,0,0,1,0,0,0,0,0,0,1,0,0,0,1,0,3.161,542.0,555
105,105,0.015302447,-0.344225657,-0.395093103,0.084569774,-0.498128738,-0.451959013,0.340154199,1.052413267,-0.194791733,0,0,0,1,0,0,0,0,0,0,0,0,1,0,0,1,0,0,0,0,0,0,0,0,0,0,0,1,0,0,0,0,0,0,1,0,0,0,1,0,3.125,550.0,566
106,106,0.015302447,-0.344225657,-0.395093103,0.084569774,-0.498128738,-0.450263722,0.339595748,1.052413267,-0.194791733,0,0,0,1,0,0,0,0,0,0,0,0,1,0,0,1,0,0,0,0,0,0,0,0,0,0,0,0,0,0,1,0,0,0,1,0,0,0,1,0,3.25,560.0,561.5714285714286
107,107,0.015302447,-0.344225657,-0.395093103,0.084569774,-0.498128738,-0.448568432,0.339316523,1.052413267,-0.194791733,0,0,0,1,0,0,0,0,0,0,0,0,1,0,0,1,0,0,0,0,0,0,0,0,0,0,0,0,0,0,1,0,0,0,1,0,0,0,1,0,3.625,573.0,572.7142857142857
108,108,0.015302447,-0.344225657,-0.395093103,0.084569774,-0.498128738,-0.447296964,0.339037297,1.052413267,-0.194791733,0,0,0,1,0,0,0,0,0,0,0,0,1,0,0,1,0,0,0,0,0,0,0,0,0,0,0,0,0,0,1,0,0,0,1,0,0,0,1,0,3.8,580.0,574.7142857142857
109,109,0.015302447,-0.344225657,-0.395093103,0.084569774,-0.498128738,-0.44178727,0.325076022,1.052413267,-0.194791733,0,0,0,1,0,0,0,0,0,0,0,0,1,0,0,1,0,0,0,0,0,0,0,0,0,0,0,0,0,0,1,0,0,0,1,0,0,0,1,0,5.25,611.0,576.7857142857143
110,110,0.015302447,-0.344225657,-0.395093103,0.084569774,-0.498128738,-0.451959013,0.87626716,-0.302087419,-0.236150815,0,0,0,1,0,0,0,0,0,0,0,0,1,0,0,1,0,0,0,0,0,0,0,0,0,0,0,1,0,0,0,0,0,0,1,0,0,1,0,0,2.5094,501.0,511
111,111,0.015302447,-0.344225657,-0.395093103,0.084569774,-0.498128738,-0.451959013,0.87626716,-0.302087419,-0.23546254,0,0,0,1,0,0,0,0,0,0,0,0,1,0,0,1,0,0,0,0,0,0,0,0,0,0,0,1,0,0,0,0,0,0,1,0,0,1,0,0,2.9639,532.0,542
112,112,0.015302447,-0.344225657,-0.395093103,0.084569774,-0.498128738,-0.451959013,0.87626716,-0.302087419,-0.234419699,0,0,0,1,0,0,0,0,0,0,0,0,1,0,0,1,0,0,0,0,0,0,0,0,0,0,0,1,0,0,0,0,0,0,1,0,0,1,0,0,3.2593,542.0,558
113,113,0.015302447,-0.344225657,-0.395093103,0.084569774,-0.498128738,-0.451959013,0.87626716,-0.302087419,-0.230248334,0,0,0,1,0,0,0,0,0,0,0,0,1,0,0,1,0,0,0,0,0,0,0,0,0,0,0,1,0,0,0,0,0,0,1,0,0,1,0,0,3.6297,555.0,573
114,114,0.015302447,-0.344225657,-0.395093103,0.084569774,-0.498128738,-0.451959013,0.87626716,-0.302087419,-0.226076969,0,0,0,1,0,0,0,0,0,0,0,0,1,0,0,1,0,0,0,0,0,0,0,0,0,0,0,1,0,0,0,0,0,0,1,0,0,1,0,0,3.7911,558.0,578
115,115,0.015302447,-0.344225657,-0.395093103,0.084569774,-0.498128738,-0.451959013,0.87626716,-0.302087419,-0.215648557,0,0,0,1,0,0,0,0,0,0,0,0,1,0,0,1,0,0,0,0,0,0,0,0,0,0,0,1,0,0,0,0,0,0,1,0,0,1,0,0,3.9063,560.0,581
116,116,0.015302447,-0.344225657,-0.395093103,0.084569774,-0.498128738,-0.451959013,0.87626716,-0.302087419,-0.194791733,0,0,0,1,0,0,0,0,0,0,0,0,1,0,0,1,0,0,0,0,0,0,0,0,0,0,0,1,0,0,0,0,0,0,1,0,0,1,0,0,4.0278,563.0,584
117,117,1.572160074,-0.161158624,0.306453175,-0.293935182,1.442833546,2.103691411,-0.346740532,-0.302087419,-0.236234243,0,0,0,1,0,0,0,0,1,0,0,0,0,0,0,0,0,0,0,0,0,1,0,0,0,0,0,0,0,1,0,0,0,0,0,0,1,1,0,0,1.7,409.0,440
118,118,0.015302447,0.864707579,0.306453175,2.342866932,-0.498128738,-0.287515835,4.271649247,-0.302087419,-0.235128831,0,0,0,1,0,0,0,0,0,0,0,0,1,0,0,1,0,0,0,0,0,0,0,0,0,0,0,0,0,0,1,0,0,0,1,0,0,1,0,0,2.3,497.0,534.1428571428571
119,119,0.015302447,0.864707579,0.306453175,2.342866932,-0.498128738,-0.287515835,4.271649247,-0.302087419,-0.194791733,0,0,0,1,0,0,0,0,0,0,0,0,1,0,0,1,0,0,0,0,0,0,0,0,0,0,0,0,0,0,1,0,0,0,1,0,0,1,0,0,2.7,528.0,550.1428571428571
120,120,0.015302447,0.864707579,0.306453175,2.342866932,-0.498128738,-0.287515835,4.271649247,-0.302087419,-0.173934909,0,0,0,1,0,0,0,0,0,0,0,0,1,0,0,1,0,0,0,0,0,0,0,0,0,0,0,0,0,0,1,0,0,0,1,0,0,1,0,0,2.9,543.0,559.5714285714286
121,121,0.015302447,0.864707579,0.306453175,2.342866932,-0.498128738,-0.287515835,4.271649247,-0.302087419,-0.153078085,0,0,0,1,0,0,0,0,0,0,0,0,1,0,0,1,0,0,0,0,0,0,0,0,0,0,0,0,0,0,1,0,0,0,1,0,0,1,0,0,3.5,568.0,575.8571428571429
122,122,0.015302447,0.864707579,0.306453175,2.342866932,-0.498128738,-0.287515835,4.271649247,-0.302087419,-0.132221261,0,0,0,1,0,0,0,0,0,0,0,0,1,0,0,1,0,0,0,0,0,0,0,0,0,0,0,0,0,0,1,0,0,0,1,0,0,1,0,0,4.5,608.0,580.5714285714286
123,123,0.949417023,-0.47202717,-0.564152,0.011646801,-0.498128738,-0.223094796,-0.128386191,-0.302087419,-0.23633227,0,0,0,1,0,0,0,0,0,0,0,0,1,0,0,1,0,0,0,0,0,0,0,0,0,0,0,0,0,0,1,0,0,0,1,0,0,1,0,0,2.28,508.0,523
124,124,0.949417023,-0.47202717,-0.564152,0.011646801,-0.498128738,-0.223094796,-0.128386191,-0.302087419,-0.236159158,0,0,0,1,0,0,0,0,0,0,0,0,1,0,0,1,0,0,0,0,0,0,0,0,0,0,0,0,0,0,1,0,0,0,1,0,0,1,0,0,2.72,520.8,563
125,125,0.949417023,-0.47202717,-0.564152,0.011646801,-0.498128738,-0.223094796,-0.128386191,-0.302087419,-0.235983961,0,0,0,1,0,0,0,0,0,0,0,0,1,0,0,1,0,0,0,0,0,0,0,0,0,0,0,0,0,0,1,0,0,0,1,0,0,1,0,0,2.85,539.4,577
126,126,0.949417023,-0.47202717,-0.564152,0.011646801,-0.498128738,-0.223094796,-0.128386191,-0.302087419,-0.234419699,0,0,0,1,0,0,0,0,0,0,0,0,1,0,0,1,0,0,0,0,0,0,0,0,0,0,0,0,0,0,1,0,0,0,1,0,0,1,0,0,3.28,585.0,604
127,127,0.949417023,-0.47202717,-0.564152,0.011646801,-0.498128738,-0.223094796,-0.128386191,-0.302087419,-0.230248334,0,0,0,1,0,0,0,0,0,0,0,0,1,0,0,1,0,0,0,0,0,0,0,0,0,0,0,0,0,0,1,0,0,0,1,0,0,1,0,0,3.33,583.0,610
128,128,0.949417023,-0.47202717,-0.564152,0.011646801,-0.498128738,-0.223094796,-0.128386191,-0.302087419,-0.219819922,0,0,0,1,0,0,0,0,0,0,0,0,1,0,0,1,0,0,0,0,0,0,0,0,0,0,0,0,0,0,1,0,0,0,1,0,0,1,0,0,3.62,586.4,625
129,129,0.015302447,0.864707579,-0.01451571,1.74327804,-0.498128738,-0.337526904,4.980882019,-0.302087419,-0.233376858,0,0,0,1,0,0,0,0,0,0,0,0,1,0,0,1,0,0,0,0,0,0,0,0,0,0,0,0,0,0,1,0,0,0,1,0,0,1,0,0,2.5,524.0,544
130,130,0.326673972,0.864707579,-0.01451571,1.74327804,-0.498128738,-0.337526904,4.980882019,-0.302087419,-0.233376858,0,0,0,1,0,0,0,0,0,0,0,0,1,0,0,1,0,0,0,0,0,0,0,0,0,0,0,0,0,0,1,0,0,0,1,0,0,1,0,0,3.0,555.0,577
131,131,0.638045498,0.864707579,-0.01451571,1.74327804,-0.498128738,-0.337526904,4.980882019,-0.302087419,-0.233376858,0,0,0,1,0,0,0,0,0,0,0,0,1,0,0,1,0,0,0,0,0,0,0,0,0,0,0,0,0,0,1,0,0,0,1,0,0,1,0,0,4.0,592.0,610
132,132,0.949417023,0.864707579,-0.01451571,1.74327804,-0.498128738,-0.337526904,4.980882019,-0.302087419,-0.233376858,0,0,0,1,0,0,0,0,0,0,0,0,1,0,0,1,0,0,0,0,0,0,0,0,0,0,0,0,0,0,1,0,0,0,1,0,0,1,0,0,4.5,603.0,625
133,133,0.949417023,-0.47202717,-0.152073804,-0.479136384,1.736694102,-0.351936874,-0.573471639,-0.302087419,-0.23633227,0,0,0,1,0,0,0,0,0,0,0,0,0,1,0,0,0,0,1,0,0,0,0,0,0,0,0,0,0,1,0,0,0,0,0,0,1,1,0,0,2.28,495.0,509
134,134,0.949417023,-0.47202717,-0.152073804,-0.479136384,1.736694102,-0.351936874,-0.573471639,-0.302087419,-0.235706565,0,0,0,1,0,0,0,0,0,0,0,0,0,1,0,0,0,0,1,0,0,0,0,0,0,0,0,0,0,1,0,0,0,0,0,0,1,1,0,0,3.02,551.0,563
135,135,0.949417023,-0.47202717,-0.152073804,-0.479136384,1.736694102,-0.351936874,-0.573471639,-0.302087419,-0.23494112,0,0,0,1,0,0,0,0,0,0,0,0,0,1,0,0,0,0,1,0,0,0,0,0,0,0,0,0,0,1,0,0,0,0,0,0,1,1,0,0,3.66,579.0,591
136,136,0.949417023,-0.47202717,-0.152073804,-0.479136384,1.736694102,-0.351936874,-0.573471639,-0.302087419,-0.231291175,0,0,0,1,0,0,0,0,0,0,0,0,0,1,0,0,0,0,1,0,0,0,0,0,0,0,0,0,0,1,0,0,0,0,0,0,1,1,0,0,4.86,607.0,617
137,137,0.949417023,-0.47202717,-0.152073804,-0.479136384,1.736694102,-0.351936874,-0.573471639,-0.302087419,-0.223642978,0,0,0,1,0,0,0,0,0,0,0,0,0,1,0,0,0,0,1,0,0,0,0,0,0,0,0,0,0,1,0,0,0,0,0,0,1,1,0,0,5.11,611.0,623
138,138,0.949417023,-0.47202717,-0.152073804,-0.479136384,1.736694102,-0.351936874,-0.573471639,-0.302087419,-0.215300248,0,0,0,1,0,0,0,0,0,0,0,0,0,1,0,0,0,0,1,0,0,0,0,0,0,0,0,0,0,1,0,0,0,0,0,0,1,1,0,0,5.16,615.0,627
139,139,1.105102786,-0.420215746,-0.495969038,-0.424154778,1.259364086,-0.383299748,-0.465913976,-0.302087419,-0.173934909,0,0,0,1,0,0,0,0,0,0,0,0,0,1,0,0,0,0,0,0,0,1,0,0,0,0,0,0,0,0,1,0,0,0,0,0,1,1,0,0,9.08,624.2,644
140,140,0.79373126,-0.333863372,0.077189686,-0.293935182,4.188518793,-0.257000606,-0.14206824,-0.302087419,-0.234419699,0,0,0,1,0,0,0,0,0,0,0,0,0,1,0,0,0,0,0,0,0,1,0,0,0,0,0,0,0,0,1,0,0,0,0,0,1,1,0,0,1.76,571.0,581
141,141,0.79373126,-0.333863372,0.077189686,-0.293935182,4.188518793,-0.257000606,-0.14206824,-0.302087419,-0.215648557,0,0,0,1,0,0,0,0,0,0,0,0,0,1,0,0,0,0,0,0,0,1,0,0,0,0,0,0,0,0,1,0,0,0,0,0,1,1,0,0,1.99,582.0,592
142,142,-0.763126367,-0.371858416,-0.552826384,-0.282360107,-0.498128738,-0.436701398,0.100020269,-0.302087419,-0.235817106,0,0,0,1,0,0,0,0,0,0,0,0,0,1,0,1,0,0,0,0,0,0,0,0,0,0,0,0,0,1,0,0,0,1,0,0,0,1,0,0,1.97,465.0,480
143,143,-0.763126367,-0.371858416,-0.552826384,-0.282360107,-0.498128738,-0.436701398,0.100020269,-0.302087419,-0.235128831,0,0,0,1,0,0,0,0,0,0,0,0,0,1,0,1,0,0,0,0,0,0,0,0,0,0,0,0,0,1,0,0,0,1,0,0,0,1,0,0,2.17,495.0,520
144,144,-0.763126367,-0.371858416,-0.552826384,-0.282360107,-0.498128738,-0.436701398,0.100020269,-0.302087419,-0.215648557,0,0,0,1,0,0,0,0,0,0,0,0,0,1,0,1,0,0,0,0,0,0,0,0,0,0,0,0,0,1,0,0,0,1,0,0,0,1,0,0,2.84,555.0,570
145,145,0.560202616,-0.371858416,-0.552826384,-0.282360107,-0.498128738,-0.436701398,0.100020269,-0.302087419,-0.235817106,0,0,0,1,0,0,0,0,0,0,0,0,0,1,0,1,0,0,0,0,0,0,0,0,0,0,0,0,0,1,0,0,0,1,0,0,0,1,0,0,2.57,525.0,540
146,146,0.560202616,-0.371858416,-0.552826384,-0.282360107,-0.498128738,-0.436701398,0.100020269,-0.302087419,-0.235128831,0,0,0,1,0,0,0,0,0,0,0,0,0,1,0,1,0,0,0,0,0,0,0,0,0,0,0,0,0,1,0,0,0,1,0,0,0,1,0,0,3.25,565.0,575
147,147,0.560202616,-0.371858416,-0.552826384,-0.282360107,-0.498128738,-0.436701398,0.100020269,-0.302087419,-0.215648557,0,0,0,1,0,0,0,0,0,0,0,0,0,1,0,1,0,0,0,0,0,0,0,0,0,0,0,0,0,1,0,0,0,1,0,0,0,1,0,0,4.5,608.0,615
148,148,-0.296069079,-0.371858416,-0.580796529,-0.282360107,-0.498128738,-0.436701398,0.100020269,-0.302087419,-0.235817106,0,0,0,1,0,0,0,0,0,0,0,0,0,1,0,1,0,0,0,0,0,0,0,0,0,0,0,0,0,1,0,0,0,1,0,0,0,1,0,0,2.02,465.0,480
149,149,-0.296069079,-0.371858416,-0.580796529,-0.282360107,-0.498128738,-0.436701398,0.100020269,-0.302087419,-0.235128831,0,0,0,1,0,0,0,0,0,0,0,0,0,1,0,1,0,0,0,0,0,0,0,0,0,0,0,0,0,1,0,0,0,1,0,0,0,1,0,0,2.32,508.0,518
150,150,-0.296069079,-0.371858416,-0.580796529,-0.282360107,-0.498128738,-0.436701398,0.100020269,-0.302087419,-0.215648557,0,0,0,1,0,0,0,0,0,0,0,0,0,1,0,1,0,0,0,0,0,0,0,0,0,0,0,0,0,1,0,0,0,1,0,0,0,1,0,0,3.31,570.0,580
151,151,-0.296069079,-0.371858416,-0.431775261,-0.282360107,-0.498128738,-0.436701398,0.100020269,-0.302087419,-0.235817106,0,0,0,1,0,0,0,0,0,0,0,0,0,1,0,1,0,0,0,0,0,0,0,0,0,0,0,0,0,1,0,0,0,1,0,0,0,1,0,0,2.61,528.0,550
152,152,-0.296069079,-0.371858416,-0.431775261,-0.282360107,-0.498128738,-0.436701398,0.100020269,-0.302087419,-0.235128831,0,0,0,1,0,0,0,0,0,0,0,0,0,1,0,1,0,0,0,0,0,0,0,0,0,0,0,0,0,1,0,0,0,1,0,0,0,1,0,0,2.76,540.0,560
153,153,-0.296069079,-0.371858416,-0.431775261,-0.282360107,-0.498128738,-0.436701398,0.100020269,-0.302087419,-0.215648557,0,0,0,1,0,0,0,0,0,0,0,0,0,1,0,1,0,0,0,0,0,0,0,0,0,0,0,0,0,1,0,0,0,1,0,0,0,1,0,0,3.66,578.0,610
154,154,-0.062540435,-0.47202717,-0.262578806,-0.251107404,-0.498128738,-0.436870927,0.094435759,-0.302087419,-0.23546254,0,0,0,1,0,0,0,0,0,0,0,0,1,0,0,1,0,0,0,0,0,0,0,0,0,0,0,0,0,0,1,0,0,0,1,0,0,1,0,0,2.5,474.0,617
155,155,0.326673972,-0.345261885,-0.395093103,0.294078634,0.005685872,0.021874681,-0.363494062,-0.302087419,-0.235817106,0,0,0,1,0,0,0,0,0,0,0,0,1,0,0,0,0,0,0,0,0,0,1,0,0,0,0,0,0,0,1,0,0,0,1,0,0,1,0,0,2.85,534.0,577
156,156,0.326673972,-0.345261885,-0.395093103,0.294078634,0.005685872,0.021874681,-0.363494062,-0.302087419,-0.23546254,0,0,0,1,0,0,0,0,0,0,0,0,1,0,0,0,0,0,0,0,0,0,1,0,0,0,0,0,0,0,1,0,0,0,1,0,0,1,0,0,3.12,561.0,586
157,157,0.326673972,-0.345261885,-0.395093103,0.294078634,0.005685872,0.021874681,-0.363494062,-0.302087419,-0.234419699,0,0,0,1,0,0,0,0,0,0,0,0,1,0,0,0,0,0,0,0,0,0,1,0,0,0,0,0,0,0,1,0,0,0,1,0,0,1,0,0,3.46,570.0,594
158,158,0.326673972,-0.345261885,-0.395093103,0.294078634,0.005685872,0.021874681,-0.363494062,-0.302087419,-0.232334017,0,0,0,1,0,0,0,0,0,0,0,0,1,0,0,0,0,0,0,0,0,0,1,0,0,0,0,0,0,0,1,0,0,0,1,0,0,1,0,0,3.79,579.0,595
159,159,0.326673972,-0.47202717,-0.152073804,-0.479136384,1.171489445,0.215985443,-0.489703988,-0.302087419,-0.236498499,0,0,0,1,0,0,0,0,0,0,0,0,0,1,0,0,0,0,0,0,0,1,0,0,0,0,0,0,0,0,1,0,0,0,0,0,1,1,0,0,1.98,450.0,531.5714285714286
160,160,0.326673972,-0.47202717,-0.152073804,-0.479136384,1.171489445,0.215985443,-0.489703988,-0.302087419,-0.236478268,0,0,0,1,0,0,0,0,0,0,0,0,0,1,0,0,0,0,0,0,0,1,0,0,0,0,0,0,0,0,1,0,0,0,0,0,1,1,0,0,2.09,467.0,531.5714285714286
161,161,0.326673972,-0.47202717,-0.152073804,-0.479136384,1.171489445,0.215985443,-0.489703988,-0.302087419,-0.236432383,0,0,0,1,0,0,0,0,0,0,0,0,0,1,0,0,0,0,0,0,0,1,0,0,0,0,0,0,0,0,1,0,0,0,0,0,1,1,0,0,2.34,497.0,531.5714285714286
162,162,0.326673972,-0.47202717,-0.152073804,-0.479136384,1.171489445,0.215985443,-0.489703988,-0.302087419,-0.236171672,0,0,0,1,0,0,0,0,0,0,0,0,0,1,0,0,0,0,0,0,0,1,0,0,0,0,0,0,0,0,1,0,0,0,0,0,1,1,0,0,3.21,557.0,554.9285714285714
163,163,0.326673972,-0.47202717,-0.152073804,-0.479136384,1.171489445,0.215985443,-0.489703988,-0.302087419,-0.235306114,0,0,0,1,0,0,0,0,0,0,0,0,0,1,0,0,0,0,0,0,0,1,0,0,0,0,0,0,0,0,1,0,0,0,0,0,1,1,0,0,4.37,594.0,584.6428571428571
164,164,0.326673972,-0.47202717,-0.152073804,-0.479136384,1.171489445,0.215985443,-0.489703988,-0.302087419,-0.231541457,0,0,0,1,0,0,0,0,0,0,0,0,0,1,0,0,0,0,0,0,0,1,0,0,0,0,0,0,0,0,1,0,0,0,0,0,1,1,0,0,6.04,628.0,601.5
165,165,-2.475669756,0.149709923,0.535716665,-0.525436685,-0.498128738,0.192251376,-0.402585632,-0.302087419,4.268568614,0,1,0,0,0,0,1,0,0,0,0,0,0,0,0,1,0,0,0,0,0,0,0,0,0,0,0,0,0,0,1,0,0,0,0,0,1,1,0,0,1.74,422.0,510
166,166,-2.475669756,0.149709923,0.535716665,1.430751012,-0.498128738,0.192251376,-0.402585632,-0.302087419,4.268568614,0,1,0,0,0,0,0,0,0,0,0,0,1,0,0,1,0,0,0,0,0,0,0,0,0,0,0,0,0,0,1,0,0,0,0,0,1,1,0,0,1.75,404.0,451
167,167,-2.475669756,0.149709923,0.535716665,0.979323082,-0.498128738,0.192251376,-0.402585632,-0.302087419,4.268568614,0,1,0,0,0,0,0,0,0,1,0,0,0,0,0,1,0,0,0,0,0,0,0,0,0,0,0,0,0,0,1,0,0,0,0,0,1,1,0,0,1.79,407.0,483
168,168,-2.475669756,0.149709923,0.535716665,0.956172932,-0.498128738,0.192251376,-0.402585632,-0.302087419,4.268568614,0,1,0,0,0,0,0,0,0,0,1,0,0,0,0,1,0,0,0,0,0,0,0,0,0,0,0,0,0,0,1,0,0,0,0,0,1,1,0,0,1.71,418.0,530
169,169,-2.475669756,0.149709923,0.535716665,-0.525436685,1.856911647,0.192251376,-0.402585632,-0.302087419,4.268568614,0,1,0,0,0,0,1,0,0,0,0,0,0,0,0,0,0,0,0,0,0,0,0,0,0,0,1,0,0,0,1,0,0,0,0,0,1,1,0,0,1.97,413.0,584
170,170,-0.140383316,-0.413307556,0.627422061,-0.525436685,-0.498128738,-0.119682075,-0.566837241,-0.302087419,-0.215648557,0,0,0,0,1,0,1,0,0,0,0,0,0,0,0,1,0,0,0,0,0,0,0,0,0,0,0,0,0,0,0,1,0,0,0,0,1,1,0,0,2.0,486.0,488
171,171,-0.140383316,-0.413307556,0.627422061,-0.525436685,-0.498128738,-0.119682075,-0.566837241,-0.302087419,-0.173934909,0,0,0,0,1,0,1,0,0,0,0,0,0,0,0,1,0,0,0,0,0,0,0,0,0,0,0,0,0,0,0,1,0,0,0,0,1,1,0,0,2.0,434.0,508
172,172,-0.140383316,-0.413307556,0.627422061,-0.525436685,-0.498128738,-0.119682075,-0.566837241,-0.302087419,-0.048793965,0,0,0,0,1,0,1,0,0,0,0,0,0,0,0,1,0,0,0,0,0,0,0,0,0,0,0,0,0,0,0,1,0,0,0,0,1,1,0,0,2.0,414.0,523
173,173,-2.864884163,0.840528914,1.177654436,0.898297556,0.766140896,-0.121377366,-0.681811133,-0.302087419,-0.234419699,0,0,0,1,0,0,0,1,0,0,0,0,0,0,0,0,0,0,0,1,0,0,0,0,0,0,0,0,1,0,0,0,1,0,0,0,0,1,0,0,1.44,383.0,538.7142857142857
174,174,-2.864884163,0.840528914,1.177654436,0.898297556,0.766140896,-0.121377366,-0.681811133,-0.302087419,-0.230248334,0,0,0,1,0,0,0,1,0,0,0,0,0,0,0,0,0,0,0,1,0,0,0,0,0,0,0,0,1,0,0,0,1,0,0,0,0,1,0,0,1.55,399.0,532.7142857142857
175,175,-2.864884163,0.840528914,1.177654436,0.898297556,0.766140896,-0.121377366,-0.681811133,-0.302087419,-0.226076969,0,0,0,1,0,0,0,1,0,0,0,0,0,0,0,0,0,0,0,1,0,0,0,0,0,0,0,0,1,0,0,0,1,0,0,0,0,1,0,0,1.67,412.0,532.7142857142857
176,176,-2.864884163,0.840528914,1.177654436,0.898297556,0.766140896,-0.121377366,-0.681811133,-0.302087419,-0.173934909,0,0,0,1,0,0,0,1,0,0,0,0,0,0,0,0,0,0,0,1,0,0,0,0,0,0,0,0,1,0,0,0,1,0,0,0,0,1,0,0,1.67,415.0,534.1428571428571
177,177,-2.864884163,0.840528914,1.177654436,0.898297556,0.766140896,-0.121377366,-0.681811133,-0.302087419,0.076346979,0,0,0,1,0,0,0,1,0,0,0,0,0,0,0,0,0,0,0,1,0,0,0,0,0,0,0,0,1,0,0,0,1,0,0,0,0,1,0,0,1.67,418.0,534.1428571428571
178,178,-2.787041282,0.840528914,1.177654436,0.898297556,0.766140896,-0.121377366,-0.681811133,-0.302087419,0.597767581,0,0,0,1,0,0,0,1,0,0,0,0,0,0,0,0,0,0,0,1,0,0,0,0,0,0,0,0,0,0,1,0,1,0,0,0,0,1,0,0,1.13,350.0,534.1428571428571
179,179,-2.787041282,0.840528914,1.177654436,0.898297556,0.766140896,-0.121377366,-0.681811133,-0.302087419,2.203743033,0,0,0,1,0,0,0,1,0,0,0,0,0,0,0,0,0,0,0,1,0,0,0,0,0,0,0,0,0,0,1,0,1,0,0,0,0,1,0,0,1.33,380.0,534.1428571428571
180,180,-2.787041282,0.840528914,1.177654436,0.898297556,0.766140896,-0.121377366,-0.681811133,-0.302087419,6.56281926,0,0,0,1,0,0,0,1,0,0,0,0,0,0,0,0,0,0,0,1,0,0,0,0,0,0,0,0,0,0,1,0,1,0,0,0,0,1,0,0,1.33,380.0,534.1428571428571
181,181,-2.787041282,0.840528914,1.177654436,0.898297556,0.766140896,-0.121377366,-0.681811133,-0.302087419,8.481647072,0,0,0,1,0,0,0,1,0,0,0,0,0,0,0,0,0,0,0,1,0,0,0,0,0,0,0,0,0,0,1,0,1,0,0,0,0,1,0,0,1.33,380.0,534.1428571428571
182,182,-2.319983994,0.840528914,1.177654436,0.898297556,0.766140896,-0.121377366,-0.681811133,-0.302087419,-0.215648557,0,0,0,1,0,0,0,1,0,0,0,0,0,0,0,0,0,0,0,1,0,0,0,0,0,0,0,0,0,0,1,0,1,0,0,0,0,1,0,0,1.44,380.0,532.7142857142857
183,183,-2.319983994,0.840528914,1.177654436,0.898297556,0.766140896,-0.121377366,-0.681811133,-0.302087419,-0.048793965,0,0,0,1,0,0,0,1,0,0,0,0,0,0,0,0,0,0,0,1,0,0,0,0,0,0,0,0,0,0,1,0,1,0,0,0,0,1,0,0,1.44,380.0,534.1428571428571
184,184,-2.319983994,0.840528914,1.177654436,0.898297556,0.766140896,-0.121377366,-0.681811133,-0.302087419,0.211916336,0,0,0,1,0,0,0,1,0,0,0,0,0,0,0,0,0,0,0,1,0,0,0,0,0,0,0,0,0,0,1,0,1,0,0,0,0,1,0,0,1.67,405.0,534.1428571428571
185,185,-2.319983994,0.840528914,1.177654436,0.898297556,0.766140896,-0.121377366,-0.681811133,-0.302087419,2.360169213,0,0,0,1,0,0,0,1,0,0,0,0,0,0,0,0,0,0,0,1,0,0,0,0,0,0,0,0,0,0,1,0,1,0,0,0,0,1,0,0,1.78,430.0,534.1428571428571
186,186,-1.775083824,0.840528914,1.177654436,0.898297556,0.766140896,-0.121377366,-0.681811133,-0.302087419,-0.226076969,0,0,0,1,0,0,0,1,0,0,0,0,0,0,0,0,0,0,0,1,0,0,0,0,0,0,0,0,0,0,1,0,1,0,0,0,0,1,0,0,1.78,430.0,532.7142857142857
187,187,-1.775083824,0.840528914,1.177654436,0.898297556,0.766140896,-0.121377366,-0.681811133,-0.302087419,-0.153078085,0,0,0,1,0,0,0,1,0,0,0,0,0,0,0,0,0,0,0,1,0,0,0,0,0,0,0,0,0,0,1,0,1,0,0,0,0,1,0,0,2.15,475.0,541.4285714285714
188,188,-1.775083824,0.840528914,1.177654436,0.898297556,0.766140896,-0.121377366,-0.681811133,-0.302087419,0.149345864,0,0,0,1,0,0,0,1,0,0,0,0,0,0,0,0,0,0,0,1,0,0,0,0,0,0,0,0,0,0,1,0,1,0,0,0,0,1,0,0,2.52,510.0,556.7142857142857
189,189,-1.775083824,0.840528914,1.177654436,0.898297556,0.766140896,-0.121377366,-0.681811133,-0.302087419,2.610451102,0,0,0,1,0,0,0,1,0,0,0,0,0,0,0,0,0,0,0,1,0,0,0,0,0,0,0,0,0,0,1,0,1,0,0,0,0,1,0,0,2.84,545.0,578.2857142857143
190,190,0.79373126,-0.476862903,-0.326314056,-0.465246294,-0.182951692,0.023569972,-0.464015242,-0.302087419,-0.236401097,0,0,1,0,0,0,0,0,0,0,0,0,1,0,0,0,0,0,0,0,1,0,0,0,0,0,0,0,0,0,1,0,0,0,1,0,0,1,0,0,3.8,581.8,555
191,191,0.79373126,-0.476862903,-0.326314056,-0.465246294,-0.216929886,0.023569972,-0.464015242,-0.302087419,-0.236401097,0,0,1,0,0,0,0,0,0,0,0,0,1,0,0,0,0,0,0,0,0,0,0,1,0,0,0,0,0,0,1,0,0,0,1,0,0,1,0,0,3.8,581.8,550
192,192,0.79373126,-0.476862903,-0.326314056,-0.465246294,-0.295431232,0.023569972,-0.464015242,-0.302087419,-0.236401097,0,0,1,0,0,0,0,0,0,0,0,0,1,0,0,0,0,0,0,1,0,0,0,0,0,0,0,0,0,0,1,0,0,0,1,0,0,1,0,0,3.7,566.8,540
193,193,0.79373126,-0.476862903,-0.326314056,-0.465246294,-0.342297708,0.023569972,-0.464015242,-0.302087419,-0.236401097,0,0,1,0,0,0,0,0,0,0,0,0,1,0,0,0,0,0,0,0,0,1,0,0,0,0,0,0,0,0,1,0,0,0,1,0,0,1,0,0,3.6,566.6,530
194,194,0.79373126,-0.476862903,-0.326314056,-0.465246294,-0.182951692,0.023569972,-0.464015242,-0.302087419,-0.23546254,0,0,1,0,0,0,0,0,0,0,0,0,1,0,0,0,0,0,0,0,1,0,0,0,0,0,0,0,0,0,1,0,0,0,1,0,0,1,0,0,4.3,588.4,595
195,195,0.79373126,-0.476862903,-0.326314056,-0.465246294,-0.216929886,0.023569972,-0.464015242,-0.302087419,-0.23546254,0,0,1,0,0,0,0,0,0,0,0,0,1,0,0,0,0,0,0,0,0,0,0,1,0,0,0,0,0,0,1,0,0,0,1,0,0,1,0,0,4.1,584.2,585
196,196,0.79373126,-0.476862903,-0.326314056,-0.465246294,-0.295431232,0.023569972,-0.464015242,-0.302087419,-0.23546254,0,0,1,0,0,0,0,0,0,0,0,0,1,0,0,0,0,0,0,1,0,0,0,0,0,0,0,0,0,0,1,0,0,0,1,0,0,1,0,0,4.0,574.8,570
197,197,0.79373126,-0.476862903,-0.326314056,-0.465246294,-0.342297708,0.023569972,-0.464015242,-0.302087419,-0.23546254,0,0,1,0,0,0,0,0,0,0,0,0,1,0,0,0,0,0,0,0,0,1,0,0,0,0,0,0,0,0,1,0,0,0,1,0,0,1,0,0,3.9,584.2,560
198,198,0.79373126,-0.476862903,-0.326314056,-0.465246294,-0.182951692,0.023569972,-0.464015242,-0.302087419,-0.226076969,0,0,1,0,0,0,0,0,0,0,0,0,1,0,0,0,0,0,0,0,1,0,0,0,0,0,0,0,0,0,1,0,0,0,1,0,0,1,0,0,4.2,587.4,590
199,199,0.79373126,-0.476862903,-0.326314056,-0.465246294,-0.216929886,0.023569972,-0.464015242,-0.302087419,-0.226076969,0,0,1,0,0,0,0,0,0,0,0,0,1,0,0,0,0,0,0,0,0,0,0,1,0,0,0,0,0,0,1,0,0,0,1,0,0,1,0,0,4.2,587.4,590
200,200,0.79373126,-0.476862903,-0.326314056,-0.465246294,-0.295431232,0.023569972,-0.464015242,-0.302087419,-0.226076969,0,0,1,0,0,0,0,0,0,0,0,0,1,0,0,0,0,0,0,1,0,0,0,0,0,0,0,0,0,0,1,0,0,0,1,0,0,1,0,0,4.1,577.4,580
201,201,0.79373126,-0.476862903,-0.326314056,-0.465246294,0.01740249,0.023569972,-0.464015242,-0.302087419,-0.236401097,0,0,1,0,0,0,0,0,0,0,0,0,1,0,0,0,1,0,0,0,0,0,0,0,0,0,0,0,0,0,1,0,0,0,1,0,0,1,0,0,3.7,574.8,535
202,202,0.79373126,-0.476862903,-0.326314056,-0.465246294,0.07950057,0.023569972,-0.464015242,-0.302087419,-0.236401097,0,0,1,0,0,0,0,0,0,0,0,0,1,0,0,0,0,0,0,0,0,0,0,0,0,1,0,0,0,0,1,0,0,0,1,0,0,1,0,0,4.1,584.2,575
203,203,0.79373126,-0.476862903,-0.326314056,-0.465246294,-0.093905389,0.023569972,-0.464015242,-0.302087419,-0.236401097,0,0,1,0,0,0,0,0,0,0,0,0,1,0,1,0,0,0,0,0,0,0,0,0,0,0,0,0,0,0,1,0,0,0,1,0,0,1,0,0,3.6,569.2,530
204,204,0.79373126,-0.476862903,-0.326314056,-0.465246294,-0.071643813,0.023569972,-0.464015242,-0.302087419,-0.236401097,0,0,1,0,0,0,0,0,0,0,0,0,1,0,0,0,0,1,0,0,0,0,0,0,0,0,0,0,0,0,1,0,0,0,1,0,0,1,0,0,4.0,584.2,565
205,205,0.482359735,-0.46511898,-0.500554308,-0.386535783,-0.498128738,-0.370585069,-0.439275863,1.792873642,-0.236234243,0,0,0,1,0,0,0,0,0,0,0,0,1,0,0,1,0,0,0,0,0,0,0,0,0,0,0,0,0,0,1,0,0,0,1,0,0,0,0,1,2.1,490.0,537.7142857142857
206,206,0.482359735,-0.46511898,-0.500554308,-0.386535783,-0.498128738,-0.370585069,-0.439275863,1.792873642,-0.235629395,0,0,0,1,0,0,0,0,0,0,0,0,1,0,0,1,0,0,0,0,0,0,0,0,0,0,0,0,0,0,1,0,0,0,1,0,0,0,0,1,2.6,530.0,572.5714285714286
207,207,0.482359735,-0.46511898,-0.500554308,-0.386535783,-0.498128738,-0.370585069,-0.439275863,1.792873642,-0.232584299,0,0,0,1,0,0,0,0,0,0,0,0,1,0,0,1,0,0,0,0,0,0,0,0,0,0,0,0,0,0,1,0,0,0,1,0,0,0,0,1,3.4,570.0,586.0
208,208,0.482359735,-0.46511898,-0.500554308,-0.386535783,-0.498128738,-0.370585069,-0.439275863,1.792873642,-0.228725786,0,0,0,1,0,0,0,0,0,0,0,0,1,0,0,1,0,0,0,0,0,0,0,0,0,0,0,0,0,0,1,0,0,0,1,0,0,0,0,1,3.7,580.0,588.1428571428571
209,209,0.482359735,-0.46511898,-0.500554308,-0.386535783,-0.498128738,-0.370585069,-0.439275863,1.792873642,-0.194312026,0,0,0,1,0,0,0,0,0,0,0,0,1,0,0,1,0,0,0,0,0,0,0,0,0,0,0,0,0,0,1,0,0,0,1,0,0,0,0,1,4.4,610.0,597.1428571428571
210,210,0.482359735,-0.46511898,-0.500554308,-0.386535783,-0.498128738,-0.370585069,-0.439275863,1.792873642,-0.151367826,0,0,0,1,0,0,0,0,0,0,0,0,1,0,0,1,0,0,0,0,0,0,0,0,0,0,0,0,0,0,1,0,0,0,1,0,0,0,0,1,4.5,610.0,597.3571428571429
211,211,0.482359735,-0.46511898,-0.500554308,-0.386535783,-0.498128738,-0.370585069,-0.38745161,-0.302087419,-0.236192529,0,0,0,1,0,0,0,0,0,0,0,0,1,0,0,1,0,0,0,0,0,0,0,0,0,0,0,0,0,0,1,0,0,0,1,0,0,1,0,0,2.9,550.0,550.7142857142857
212,212,0.482359735,-0.46511898,-0.500554308,-0.386535783,-0.498128738,-0.370585069,-0.38745161,-0.302087419,-0.232083735,0,0,0,1,0,0,0,0,0,0,0,0,1,0,0,1,0,0,0,0,0,0,0,0,0,0,0,0,0,0,1,0,0,0,1,0,0,1,0,0,3.6,575.0,590.2857142857143
213,213,0.482359735,-0.46511898,-0.500554308,-0.386535783,-0.498128738,-0.370585069,-0.38745161,-0.302087419,-0.227015526,0,0,0,1,0,0,0,0,0,0,0,0,1,0,0,1,0,0,0,0,0,0,0,0,0,0,0,0,0,0,1,0,0,0,1,0,0,1,0,0,4.1,595.0,595.0
214,214,0.482359735,-0.46511898,-0.500554308,-0.386535783,-0.498128738,-0.370585069,-0.38745161,-0.302087419,-0.209766933,0,0,0,1,0,0,0,0,0,0,0,0,1,0,0,1,0,0,0,0,0,0,0,0,0,0,0,0,0,0,1,0,0,0,1,0,0,1,0,0,4.4,600.0,601.7142857142857
215,215,0.482359735,-0.46511898,-0.500554308,-0.386535783,-0.498128738,-0.370585069,-0.38745161,-0.302087419,-0.188284404,0,0,0,1,0,0,0,0,0,0,0,0,1,0,0,1,0,0,0,0,0,0,0,0,0,0,0,0,0,0,1,0,0,0,1,0,0,1,0,0,4.5,605.0,601.7142857142857
216,216,0.482359735,-0.46511898,-0.500554308,-0.386535783,-0.498128738,-0.370585069,-0.38745161,-0.302087419,-0.146466472,0,0,0,1,0,0,0,0,0,0,0,0,1,0,0,1,0,0,0,0,0,0,0,0,0,0,0,0,0,0,1,0,0,0,1,0,0,1,0,0,5.1,630.0,603.7857142857143
217,217,0.482359735,-0.46511898,-0.500554308,-0.386535783,-0.498128738,-0.370585069,-0.439275863,0.01215674,-0.236296813,0,0,0,1,0,0,0,0,0,0,0,0,1,0,0,1,0,0,0,0,0,0,0,0,0,0,0,0,0,0,1,0,0,0,1,0,0,0,0,1,2.3,510.0,537.7142857142857
218,218,0.482359735,-0.46511898,-0.500554308,-0.386535783,-0.498128738,-0.370585069,-0.439275863,0.01215674,-0.23546254,0,0,0,1,0,0,0,0,0,0,0,0,1,0,0,1,0,0,0,0,0,0,0,0,0,0,0,0,0,0,1,0,0,0,1,0,0,0,0,1,3.0,550.0,586.1428571428571
219,219,0.482359735,-0.46511898,-0.500554308,-0.386535783,-0.498128738,-0.370585069,-0.439275863,0.01215674,-0.233376858,0,0,0,1,0,0,0,0,0,0,0,0,1,0,0,1,0,0,0,0,0,0,0,0,0,0,0,0,0,0,1,0,0,0,1,0,0,0,0,1,3.5,570.0,588.1428571428571
220,220,0.482359735,-0.46511898,-0.500554308,-0.386535783,-0.498128738,-0.370585069,-0.439275863,0.01215674,-0.229372348,0,0,0,1,0,0,0,0,0,0,0,0,1,0,0,1,0,0,0,0,0,0,0,0,0,0,0,0,0,0,1,0,0,0,1,0,0,0,0,1,4.0,590.0,588.5714285714286
221,221,0.482359735,-0.46511898,-0.500554308,-0.386535783,-0.498128738,-0.370585069,-0.439275863,0.01215674,-0.206888691,0,0,0,1,0,0,0,0,0,0,0,0,1,0,0,1,0,0,0,0,0,0,0,0,0,0,0,0,0,0,1,0,0,0,1,0,0,0,0,1,4.4,600.0,597.1428571428571
222,222,0.482359735,-0.46511898,-0.500554308,-0.386535783,-0.498128738,-0.370585069,-0.439275863,0.01215674,-0.180713377,0,0,0,1,0,0,0,0,0,0,0,0,1,0,0,1,0,0,0,0,0,0,0,0,0,0,0,0,0,0,1,0,0,0,1,0,0,0,0,1,4.5,600.0,597.1428571428571
223,223,0.482359735,-0.46511898,-0.500554308,-0.386535783,-0.498128738,-0.370585069,-0.439275863,0.221652846,-0.236150815,0,0,0,1,0,0,0,0,0,0,0,0,1,0,0,1,0,0,0,0,0,0,0,0,0,0,0,0,0,0,1,0,0,0,1,0,0,0,0,1,2.2,500.0,537.7142857142857
224,224,0.482359735,-0.46511898,-0.500554308,-0.386535783,-0.498128738,-0.370585069,-0.439275863,0.221652846,-0.235087117,0,0,0,1,0,0,0,0,0,0,0,0,1,0,0,1,0,0,0,0,0,0,0,0,0,0,0,0,0,0,1,0,0,0,1,0,0,0,0,1,2.8,545.0,577.0714285714286
225,225,0.482359735,-0.46511898,-0.500554308,-0.386535783,-0.498128738,-0.370585069,-0.439275863,0.221652846,-0.231291175,0,0,0,1,0,0,0,0,0,0,0,0,1,0,0,1,0,0,0,0,0,0,0,0,0,0,0,0,0,0,1,0,0,0,1,0,0,0,0,1,3.6,570.0,588.1428571428571
226,226,0.482359735,-0.46511898,-0.500554308,-0.386535783,-0.498128738,-0.370585069,-0.439275863,0.221652846,-0.219340215,0,0,0,1,0,0,0,0,0,0,0,0,1,0,0,1,0,0,0,0,0,0,0,0,0,0,0,0,0,0,1,0,0,0,1,0,0,0,0,1,4.3,600.0,594.0
227,227,0.482359735,-0.46511898,-0.500554308,-0.386535783,-0.498128738,-0.370585069,-0.439275863,0.221652846,-0.185051597,0,0,0,1,0,0,0,0,0,0,0,0,1,0,0,1,0,0,0,0,0,0,0,0,0,0,0,0,0,0,1,0,0,0,1,0,0,0,0,1,4.6,620.0,597.1428571428571
228,228,0.482359735,-0.46511898,-0.500554308,-0.386535783,-0.498128738,-0.370585069,-0.439275863,0.221652846,-0.125818216,0,0,0,1,0,0,0,0,0,0,0,0,1,0,0,1,0,0,0,0,0,0,0,0,0,0,0,0,0,0,1,0,0,0,1,0,0,0,0,1,4.9,620.0,599.2142857142857
229,229,0.482359735,-0.46511898,-0.500554308,-0.386535783,-0.498128738,-0.370585069,-0.439275863,5.981667014,-0.236234243,0,0,0,1,0,0,0,0,0,0,0,0,1,0,0,1,0,0,0,0,0,0,0,0,0,0,0,0,0,0,1,0,0,0,1,0,0,0,0,1,1.7,450.0,537.7142857142857
230,230,0.482359735,-0.46511898,-0.500554308,-0.386535783,-0.498128738,-0.370585069,-0.439275863,5.981667014,-0.233376858,0,0,0,1,0,0,0,0,0,0,0,0,1,0,0,1,0,0,0,0,0,0,0,0,0,0,0,0,0,0,1,0,0,0,1,0,0,0,0,1,2.5,530.0,569.7857142857143
231,231,0.482359735,-0.46511898,-0.500554308,-0.386535783,-0.498128738,-0.370585069,-0.439275863,5.981667014,-0.206534125,0,0,0,1,0,0,0,0,0,0,0,0,1,0,0,1,0,0,0,0,0,0,0,0,0,0,0,0,0,0,1,0,0,0,1,0,0,0,0,1,3.5,585.0,589.7142857142857
232,232,0.482359735,-0.46511898,-0.500554308,-0.386535783,-0.498128738,-0.370585069,-0.439275863,5.981667014,-0.180817661,0,0,0,1,0,0,0,0,0,0,0,0,1,0,0,1,0,0,0,0,0,0,0,0,0,0,0,0,0,0,1,0,0,0,1,0,0,0,0,1,3.7,590.0,589.7142857142857
233,233,0.482359735,-0.46511898,-0.500554308,-0.386535783,-0.498128738,-0.370585069,-0.439275863,5.981667014,-0.14844787,0,0,0,1,0,0,0,0,0,0,0,0,1,0,0,1,0,0,0,0,0,0,0,0,0,0,0,0,0,0,1,0,0,0,1,0,0,0,0,1,3.9,595.0,589.7142857142857
