,Injection Temp (Celsius),Growth Temp (Celsius),Metal_amount (g),Metal_mmol (mmol),Metal_concentration (mmol/g),Chalcogen_amount (g),Chalcogen_mmol (mmol),Chalcogen_concentration (mmol/g),Metal/Se_ratio,CA_amount (g),CA_mmol (mmol),Cd/CA_ratio,Amines_amount (g),Amines_mmol (mmol),Phosphines_amount (g),Phosphines_mmol (mmol),Chalcogen/Ph_ratio,S_I_amount (g),S_II_amount (g),Total_amount (g),Time_min (min),x0_cadmium acetate,x0_cadmium acetate dihtdrate,x0_cadmium acetate dihydrate,x0_cadmium oxide,x0_cadmium stearate,x0_dimethylcadmium,x1_None,x1_benzoic acid,x1_dodecylphosphonic acid,x1_ethylphosphonic acid,x1_lauric acid,x1_myrstic acid,x1_oleic acid,x1_stearic acid,x2_2-6-dimethylpyridine,x2_None,x2_aniline,x2_benzylamine,x2_dioctylamine/hexadecylamine,x2_dodecylamine,x2_heptylamine,x2_hexadecylamine,x2_octadecylamine,x2_octylamine,x2_oleylamine,x2_pyridine,x2_trioctylamine,x3_None,x3_diphenylphosphine,x3_tributylphosphine,x3_trioctylphosphine,x3_triphenylphosphine,x4_None,x4_liquid parafin,x4_octadecene,x4_phenyl ether,x4_trioctylphosphine oxide,x5_None,x5_phosphinic acid,x5_trioctylphosphine oxide,Diameter_nm,Absorbance max (nm),PL max (nm)
0,0.7597331544066269,1.1051027856266395,-0.21761576984813696,-0.43748622044284124,-0.39494796945459143,-0.24818986858464856,-0.24377919964648492,-0.16045685747883065,-1.0183153611206794,-0.4780715876256385,-0.525436684979579,-0.4353063153192402,-0.3728414199567631,-0.4161124063127439,-0.18776797223331293,-0.16545491887949929,-0.18337622783758273,-0.1233601317110687,-0.3020874190505117,-0.2662495439255976,-0.22607696941569327,0.0,0.0,0.0,0.0,1.0,0.0,1.0,0.0,0.0,0.0,0.0,0.0,0.0,0.0,0.0,0.0,0.0,0.0,0.0,0.0,0.0,0.0,1.0,0.0,0.0,0.0,0.0,0.0,0.0,0.0,1.0,0.0,0.0,0.0,1.0,0.0,0.0,1.0,0.0,0.0,3.41,566,575
1,0.01464699291814959,-0.06254043458693817,-0.5135167343213191,-0.47202717003546446,-0.42142123735530185,-0.42220598658651953,-0.43636053089144344,-0.17915818841843642,-0.9991327542475438,-0.24874871368604648,-0.3055102575219355,-0.3549856706003955,-0.47066889742976514,-0.4981287381152882,-0.3990870028149642,-0.37567094050201966,-0.08434115674200125,-0.2411932929559912,-0.3020874190505117,-0.4125427138356198,-0.2354625402392459,0.0,0.0,0.0,1.0,0.0,0.0,0.0,0.0,0.0,0.0,0.0,0.0,1.0,0.0,0.0,1.0,0.0,0.0,0.0,0.0,0.0,0.0,0.0,0.0,0.0,0.0,0.0,0.0,0.0,0.0,1.0,0.0,0.0,0.0,1.0,0.0,0.0,1.0,0.0,0.0,2.5,474,617
2,0.26300904674764203,0.32667397215092103,-0.3709911031000697,-0.47202717003546446,-0.35455552586852923,-0.5733099823848109,-0.5876744340124822,-0.19310382638071552,0.6601627402786914,-0.4780715876256385,-0.525436684979579,-0.4353063153192402,-0.47066889742976514,-0.4981287381152882,-0.4748862203062087,-0.4519590128650311,-0.315422989298358,-0.5274273536009438,-0.3020874190505117,-0.7186675882394427,-0.2354625402392459,0.0,0.0,0.0,0.0,1.0,0.0,1.0,0.0,0.0,0.0,0.0,0.0,0.0,0.0,0.0,1.0,0.0,0.0,0.0,0.0,0.0,0.0,0.0,0.0,0.0,0.0,0.0,1.0,0.0,0.0,0.0,0.0,0.0,0.0,1.0,0.0,0.0,1.0,0.0,0.0,1.99,None,497
3,0.26300904674764203,0.32667397215092103,-0.3709911031000697,-0.47202717003546446,-0.355461523163222,-0.5733099823848109,-0.5876744340124822,-0.19321049565550655,0.6601627402786914,-0.4780715876256385,-0.525436684979579,-0.4353063153192402,-0.47066889742976514,-0.4981287381152882,-0.4685007104690675,-0.4456016735014468,0.05137357049830496,-0.5274273536009438,-0.3020874190505117,-0.7172405881961098,-0.2354625402392459,0.0,0.0,0.0,0.0,1.0,0.0,1.0,0.0,0.0,0.0,0.0,0.0,0.0,0.0,0.0,1.0,0.0,0.0,0.0,0.0,0.0,0.0,0.0,0.0,0.0,0.0,0.0,0.0,0.0,0.0,1.0,0.0,0.0,0.0,1.0,0.0,0.0,1.0,0.0,0.0,2.13,None,510
4,0.26300904674764203,0.32667397215092103,-0.3709911031000697,-0.47202717003546446,-0.355461523163222,-0.5733099823848109,-0.5876744340124822,-0.19321049565550655,0.6601627402786914,-0.4780715876256385,-0.525436684979579,-0.4353063153192402,-0.47066889742976514,-0.4981287381152882,-0.4685007104690675,-0.4456016735014468,0.05137357049830496,-0.5274273536009438,-0.3020874190505117,-0.7172405881961098,-0.23441969903662893,0.0,0.0,0.0,0.0,1.0,0.0,1.0,0.0,0.0,0.0,0.0,0.0,0.0,0.0,0.0,1.0,0.0,0.0,0.0,0.0,0.0,0.0,0.0,0.0,0.0,0.0,0.0,0.0,0.0,0.0,1.0,0.0,0.0,0.0,1.0,0.0,0.0,1.0,0.0,0.0,2.27,None,517
5,0.26300904674764203,0.32667397215092103,-0.3709911031000697,-0.47202717003546446,-0.355461523163222,-0.5733099823848109,-0.5876744340124822,-0.19321049565550655,0.6601627402786914,-0.4780715876256385,-0.525436684979579,-0.4353063153192402,-0.47066889742976514,-0.4981287381152882,-0.4685007104690675,-0.4456016735014468,0.05137357049830496,-0.5274273536009438,-0.3020874190505117,-0.7172405881961098,-0.23233401663139502,0.0,0.0,0.0,0.0,1.0,0.0,1.0,0.0,0.0,0.0,0.0,0.0,0.0,0.0,0.0,1.0,0.0,0.0,0.0,0.0,0.0,0.0,0.0,0.0,0.0,0.0,0.0,0.0,0.0,0.0,1.0,0.0,0.0,0.0,1.0,0.0,0.0,1.0,0.0,0.0,2.53,None,522
6,0.26300904674764203,0.32667397215092103,-0.3709911031000697,-0.47202717003546446,-0.355461523163222,-0.5733099823848109,-0.5876744340124822,-0.19321049565550655,0.6601627402786914,-0.4780715876256385,-0.525436684979579,-0.4353063153192402,-0.47066889742976514,-0.4981287381152882,-0.4685007104690675,-0.4456016735014468,0.05137357049830496,-0.5274273536009438,-0.3020874190505117,-0.7172405881961098,-0.22607696941569327,0.0,0.0,0.0,0.0,1.0,0.0,1.0,0.0,0.0,0.0,0.0,0.0,0.0,0.0,0.0,1.0,0.0,0.0,0.0,0.0,0.0,0.0,0.0,0.0,0.0,0.0,0.0,0.0,0.0,0.0,1.0,0.0,0.0,0.0,1.0,0.0,0.0,1.0,0.0,0.0,2.71,None,532
7,0.26300904674764203,0.32667397215092103,-0.3709911031000697,-0.47202717003546446,-0.355461523163222,-0.5733099823848109,-0.5876744340124822,-0.19321049565550655,0.6601627402786914,-0.4780715876256385,-0.525436684979579,-0.4353063153192402,-0.47066889742976514,-0.4981287381152882,-0.4685007104690675,-0.4456016735014468,0.05137357049830496,-0.5274273536009438,-0.3020874190505117,-0.7172405881961098,-0.20522014536335406,0.0,0.0,0.0,0.0,1.0,0.0,1.0,0.0,0.0,0.0,0.0,0.0,0.0,0.0,0.0,1.0,0.0,0.0,0.0,0.0,0.0,0.0,0.0,0.0,0.0,0.0,0.0,0.0,0.0,0.0,1.0,0.0,0.0,0.0,1.0,0.0,0.0,1.0,0.0,0.0,2.91,None,547
8,0.26300904674764203,0.32667397215092103,-0.3709911031000697,-0.47202717003546446,-0.355461523163222,-0.5733099823848109,-0.5876744340124822,-0.19321049565550655,0.6601627402786914,-0.4780715876256385,-0.525436684979579,-0.4353063153192402,-0.47066889742976514,-0.4981287381152882,-0.4685007104690675,-0.4456016735014468,0.05137357049830496,-0.5274273536009438,-0.3020874190505117,-0.7172405881961098,-0.17393490928484528,0.0,0.0,0.0,0.0,1.0,0.0,1.0,0.0,0.0,0.0,0.0,0.0,0.0,0.0,0.0,1.0,0.0,0.0,0.0,0.0,0.0,0.0,0.0,0.0,0.0,0.0,0.0,0.0,0.0,0.0,1.0,0.0,0.0,0.0,1.0,0.0,0.0,1.0,0.0,0.0,3.02,None,550
9,0.26300904674764203,0.32667397215092103,-0.3709911031000697,-0.47202717003546446,-0.355461523163222,-0.5733099823848109,-0.5876744340124822,-0.19321049565550655,0.6601627402786914,-0.4780715876256385,-0.525436684979579,-0.4353063153192402,-0.47066889742976514,-0.4981287381152882,-0.4685007104690675,-0.4456016735014468,0.05137357049830496,-0.5274273536009438,-0.3020874190505117,-0.7172405881961098,-0.1426496732063365,0.0,0.0,0.0,0.0,1.0,0.0,1.0,0.0,0.0,0.0,0.0,0.0,0.0,0.0,0.0,1.0,0.0,0.0,0.0,0.0,0.0,0.0,0.0,0.0,0.0,0.0,0.0,0.0,0.0,0.0,1.0,0.0,0.0,0.0,1.0,0.0,0.0,1.0,0.0,0.0,3.02,None,549
10,0.26300904674764203,0.32667397215092103,-0.3709911031000697,-0.47202717003546446,-0.355461523163222,-0.5733099823848109,-0.5876744340124822,-0.19321049565550655,0.6601627402786914,-0.4780715876256385,-0.525436684979579,-0.4353063153192402,-0.47066889742976514,-0.4981287381152882,-0.4685007104690675,-0.4456016735014468,0.05137357049830496,-0.5274273536009438,-0.3020874190505117,-0.7172405881961098,-0.11136443712782775,0.0,0.0,0.0,0.0,1.0,0.0,1.0,0.0,0.0,0.0,0.0,0.0,0.0,0.0,0.0,1.0,0.0,0.0,0.0,0.0,0.0,0.0,0.0,0.0,0.0,0.0,0.0,0.0,0.0,0.0,1.0,0.0,0.0,0.0,1.0,0.0,0.0,1.0,0.0,0.0,3.02,None,548
11,0.26300904674764203,0.32667397215092103,-0.3709911031000697,-0.47202717003546446,-0.41154735172874685,-0.5733099823848109,-0.5876744340124822,-0.19981388386993243,0.6601627402786914,-0.4780715876256385,-0.525436684979579,-0.4353063153192402,-0.47066889742976514,-0.4981287381152882,0.5466115979576169,-0.4011002979563568,-0.26957341953009817,-0.5274273536009438,-0.3020874190505117,-0.4903886460556353,-0.2354625402392459,0.0,0.0,0.0,0.0,1.0,0.0,1.0,0.0,0.0,0.0,0.0,0.0,0.0,0.0,0.0,1.0,0.0,0.0,0.0,0.0,0.0,0.0,0.0,0.0,0.0,0.0,0.0,0.0,0.0,0.0,1.0,0.0,0.0,0.0,1.0,0.0,0.0,1.0,0.0,0.0,2.98,None,549
12,0.26300904674764203,0.32667397215092103,-0.3709911031000697,-0.47202717003546446,-0.41154735172874685,-0.5733099823848109,-0.5876744340124822,-0.19981388386993243,0.6601627402786914,-0.4780715876256385,-0.525436684979579,-0.4353063153192402,-0.47066889742976514,-0.4981287381152882,0.5466115979576169,-0.4011002979563568,-0.26957341953009817,-0.5274273536009438,-0.3020874190505117,-0.4903886460556353,-0.23441969903662893,0.0,0.0,0.0,0.0,1.0,0.0,1.0,0.0,0.0,0.0,0.0,0.0,0.0,0.0,0.0,1.0,0.0,0.0,0.0,0.0,0.0,0.0,0.0,0.0,0.0,0.0,0.0,0.0,0.0,0.0,1.0,0.0,0.0,0.0,1.0,0.0,0.0,1.0,0.0,0.0,3.21,None,560
13,0.26300904674764203,0.32667397215092103,-0.3709911031000697,-0.47202717003546446,-0.41154735172874685,-0.5733099823848109,-0.5876744340124822,-0.19981388386993243,0.6601627402786914,-0.4780715876256385,-0.525436684979579,-0.4353063153192402,-0.47066889742976514,-0.4981287381152882,0.5466115979576169,-0.4011002979563568,-0.26957341953009817,-0.5274273536009438,-0.3020874190505117,-0.4903886460556353,-0.23233401663139502,0.0,0.0,0.0,0.0,1.0,0.0,1.0,0.0,0.0,0.0,0.0,0.0,0.0,0.0,0.0,1.0,0.0,0.0,0.0,0.0,0.0,0.0,0.0,0.0,0.0,0.0,0.0,0.0,0.0,0.0,1.0,0.0,0.0,0.0,1.0,0.0,0.0,1.0,0.0,0.0,3.43,None,582
14,0.26300904674764203,0.32667397215092103,-0.3709911031000697,-0.47202717003546446,-0.41154735172874685,-0.5733099823848109,-0.5876744340124822,-0.19981388386993243,0.6601627402786914,-0.4780715876256385,-0.525436684979579,-0.4353063153192402,-0.47066889742976514,-0.4981287381152882,0.5466115979576169,-0.4011002979563568,-0.26957341953009817,-0.5274273536009438,-0.3020874190505117,-0.4903886460556353,-0.22607696941569327,0.0,0.0,0.0,0.0,1.0,0.0,1.0,0.0,0.0,0.0,0.0,0.0,0.0,0.0,0.0,1.0,0.0,0.0,0.0,0.0,0.0,0.0,0.0,0.0,0.0,0.0,0.0,0.0,0.0,0.0,1.0,0.0,0.0,0.0,1.0,0.0,0.0,1.0,0.0,0.0,4.07,None,593
15,0.26300904674764203,0.32667397215092103,-0.3709911031000697,-0.47202717003546446,-0.41154735172874685,-0.5733099823848109,-0.5876744340124822,-0.19981388386993243,0.6601627402786914,-0.4780715876256385,-0.525436684979579,-0.4353063153192402,-0.47066889742976514,-0.4981287381152882,0.5466115979576169,-0.4011002979563568,-0.26957341953009817,-0.5274273536009438,-0.3020874190505117,-0.4903886460556353,-0.20522014536335406,0.0,0.0,0.0,0.0,1.0,0.0,1.0,0.0,0.0,0.0,0.0,0.0,0.0,0.0,0.0,1.0,0.0,0.0,0.0,0.0,0.0,0.0,0.0,0.0,0.0,0.0,0.0,0.0,0.0,0.0,1.0,0.0,0.0,0.0,1.0,0.0,0.0,1.0,0.0,0.0,4.95,None,602
16,0.26300904674764203,0.32667397215092103,-0.3709911031000697,-0.47202717003546446,-0.41154735172874685,-0.5733099823848109,-0.5876744340124822,-0.19981388386993243,0.6601627402786914,-0.4780715876256385,-0.525436684979579,-0.4353063153192402,-0.47066889742976514,-0.4981287381152882,0.5466115979576169,-0.4011002979563568,-0.26957341953009817,-0.5274273536009438,-0.3020874190505117,-0.4903886460556353,-0.17393490928484528,0.0,0.0,0.0,0.0,1.0,0.0,1.0,0.0,0.0,0.0,0.0,0.0,0.0,0.0,0.0,1.0,0.0,0.0,0.0,0.0,0.0,0.0,0.0,0.0,0.0,0.0,0.0,0.0,0.0,0.0,1.0,0.0,0.0,0.0,1.0,0.0,0.0,1.0,0.0,0.0,5.41,None,603
17,0.26300904674764203,0.32667397215092103,-0.3709911031000697,-0.47202717003546446,-0.41154735172874685,-0.5733099823848109,-0.5876744340124822,-0.19981388386993243,0.6601627402786914,-0.4780715876256385,-0.525436684979579,-0.4353063153192402,-0.47066889742976514,-0.4981287381152882,0.5466115979576169,-0.4011002979563568,-0.26957341953009817,-0.5274273536009438,-0.3020874190505117,-0.4903886460556353,-0.1426496732063365,0.0,0.0,0.0,0.0,1.0,0.0,1.0,0.0,0.0,0.0,0.0,0.0,0.0,0.0,0.0,1.0,0.0,0.0,0.0,0.0,0.0,0.0,0.0,0.0,0.0,0.0,0.0,0.0,0.0,0.0,1.0,0.0,0.0,0.0,1.0,0.0,0.0,1.0,0.0,0.0,5.49,None,603
18,0.26300904674764203,0.32667397215092103,-0.3709911031000697,-0.47202717003546446,-0.41154735172874685,-0.5733099823848109,-0.5876744340124822,-0.19981388386993243,0.6601627402786914,-0.4780715876256385,-0.525436684979579,-0.4353063153192402,-0.47066889742976514,-0.4981287381152882,0.5466115979576169,-0.4011002979563568,-0.26957341953009817,-0.5274273536009438,-0.3020874190505117,-0.4903886460556353,-0.11136443712782775,0.0,0.0,0.0,0.0,1.0,0.0,1.0,0.0,0.0,0.0,0.0,0.0,0.0,0.0,0.0,1.0,0.0,0.0,0.0,0.0,0.0,0.0,0.0,0.0,0.0,0.0,0.0,0.0,0.0,0.0,1.0,0.0,0.0,0.0,1.0,0.0,0.0,1.0,0.0,0.0,5.55,None,604
19,0.31268145751354054,0.4045168534984929,-0.41488307949692504,-0.3718584162168571,-0.02432221884464471,-0.5382167319211002,-0.5509922756801092,-0.17292441143856782,1.715206118301153,0.20140359441759714,0.12971256734161168,-0.3228574127128576,-0.47066889742976514,-0.4981287381152882,-0.2865366495703891,-0.2646294129514141,-0.28241129893316413,-0.6818111328718388,-0.3020874190505117,-0.7369542344781954,-0.2361508154329731,0.0,0.0,0.0,1.0,0.0,0.0,0.0,0.0,0.0,0.0,0.0,0.0,0.0,1.0,0.0,1.0,0.0,0.0,0.0,0.0,0.0,0.0,0.0,0.0,0.0,0.0,0.0,0.0,0.0,1.0,0.0,0.0,1.0,0.0,0.0,0.0,0.0,1.0,0.0,0.0,2.6,526,556
20,0.31268145751354054,0.4045168534984929,-0.41488307949692504,-0.3718584162168571,-0.02432221884464471,-0.5382167319211002,-0.5509922756801092,-0.17292441143856782,1.715206118301153,0.20140359441759714,0.12971256734161168,-0.3228574127128576,-0.47066889742976514,-0.4981287381152882,-0.2865366495703891,-0.2646294129514141,-0.28241129893316413,-0.6818111328718388,-0.3020874190505117,-0.7369542344781954,-0.2357962494240833,0.0,0.0,0.0,1.0,0.0,0.0,0.0,0.0,0.0,0.0,0.0,0.0,0.0,1.0,0.0,1.0,0.0,0.0,0.0,0.0,0.0,0.0,0.0,0.0,0.0,0.0,0.0,0.0,0.0,1.0,0.0,0.0,1.0,0.0,0.0,0.0,0.0,1.0,0.0,0.0,3.2,559,580
21,0.31268145751354054,0.4045168534984929,-0.41488307949692504,-0.3718584162168571,-0.02432221884464471,-0.5382167319211002,-0.5509922756801092,-0.17292441143856782,1.715206118301153,0.20140359441759714,0.12971256734161168,-0.3228574127128576,-0.47066889742976514,-0.4981287381152882,-0.2865366495703891,-0.2646294129514141,-0.28241129893316413,-0.6818111328718388,-0.3020874190505117,-0.7369542344781954,-0.23508711740630378,0.0,0.0,0.0,1.0,0.0,0.0,0.0,0.0,0.0,0.0,0.0,0.0,0.0,1.0,0.0,1.0,0.0,0.0,0.0,0.0,0.0,0.0,0.0,0.0,0.0,0.0,0.0,0.0,0.0,1.0,0.0,0.0,1.0,0.0,0.0,0.0,0.0,1.0,0.0,0.0,3.6,574,598
22,0.31268145751354054,0.4045168534984929,-0.41488307949692504,-0.3718584162168571,-0.02432221884464471,-0.5382167319211002,-0.5509922756801092,-0.17292441143856782,1.715206118301153,0.20140359441759714,0.12971256734161168,-0.3228574127128576,-0.47066889742976514,-0.4981287381152882,-0.2865366495703891,-0.2646294129514141,-0.28241129893316413,-0.6818111328718388,-0.3020874190505117,-0.7369542344781954,-0.23441969903662893,0.0,0.0,0.0,1.0,0.0,0.0,0.0,0.0,0.0,0.0,0.0,0.0,0.0,1.0,0.0,1.0,0.0,0.0,0.0,0.0,0.0,0.0,0.0,0.0,0.0,0.0,0.0,0.0,0.0,1.0,0.0,0.0,1.0,0.0,0.0,0.0,0.0,1.0,0.0,0.0,3.9,582,601
23,0.362353868279439,0.48235973484606476,0.27555250427383327,0.381134284902329,-0.10374202254677614,0.7379014667592871,0.6962011076205743,-0.11058664163988197,-0.3948806377437703,6.36339415157219,6.075828661288531,-0.3710497995441644,-0.47066889742976514,-0.4981287381152882,0.09705332985499975,0.11935388460907674,-0.08434115674200125,-0.6818111328718388,-0.3020874190505117,0.11924579152151364,-0.2355668243595076,0.0,0.0,0.0,1.0,0.0,0.0,0.0,0.0,0.0,0.0,0.0,0.0,1.0,0.0,0.0,1.0,0.0,0.0,0.0,0.0,0.0,0.0,0.0,0.0,0.0,0.0,0.0,0.0,0.0,0.0,1.0,0.0,1.0,0.0,0.0,0.0,0.0,1.0,0.0,0.0,3.23,556,562
24,0.362353868279439,0.48235973484606476,0.27555250427383327,0.381134284902329,-0.10374202254677614,0.7379014667592871,0.6962011076205743,-0.11058664163988197,-0.3948806377437703,6.36339415157219,6.075828661288531,-0.3710497995441644,-0.47066889742976514,-0.4981287381152882,0.09705332985499975,0.11935388460907674,-0.08434115674200125,-0.6818111328718388,-0.3020874190505117,0.11924579152151364,-0.23479512186957105,0.0,0.0,0.0,1.0,0.0,0.0,0.0,0.0,0.0,0.0,0.0,0.0,1.0,0.0,0.0,1.0,0.0,0.0,0.0,0.0,0.0,0.0,0.0,0.0,0.0,0.0,0.0,0.0,0.0,0.0,1.0,0.0,1.0,0.0,0.0,0.0,0.0,1.0,0.0,0.0,3.61,570,577
25,0.362353868279439,0.48235973484606476,0.27555250427383327,0.381134284902329,-0.10374202254677614,0.7379014667592871,0.6962011076205743,-0.11058664163988197,-0.3948806377437703,6.36339415157219,6.075828661288531,-0.3710497995441644,-0.47066889742976514,-0.4981287381152882,0.09705332985499975,0.11935388460907674,-0.08434115674200125,-0.6818111328718388,-0.3020874190505117,0.11924579152151364,-0.23406513302773915,0.0,0.0,0.0,1.0,0.0,0.0,0.0,0.0,0.0,0.0,0.0,0.0,1.0,0.0,0.0,1.0,0.0,0.0,0.0,0.0,0.0,0.0,0.0,0.0,0.0,0.0,0.0,0.0,0.0,0.0,1.0,0.0,1.0,0.0,0.0,0.0,0.0,1.0,0.0,0.0,3.86,574,588
26,0.362353868279439,0.48235973484606476,0.27555250427383327,0.381134284902329,-0.10374202254677614,0.7379014667592871,0.6962011076205743,-0.11058664163988197,-0.3948806377437703,6.36339415157219,6.075828661288531,-0.3710497995441644,-0.47066889742976514,-0.4981287381152882,0.09705332985499975,0.11935388460907674,-0.08434115674200125,-0.6818111328718388,-0.3020874190505117,0.11924579152151364,-0.22086276340260846,0.0,0.0,0.0,1.0,0.0,0.0,0.0,0.0,0.0,0.0,0.0,0.0,1.0,0.0,0.0,1.0,0.0,0.0,0.0,0.0,0.0,0.0,0.0,0.0,0.0,0.0,0.0,0.0,0.0,0.0,1.0,0.0,1.0,0.0,0.0,0.0,0.0,1.0,0.0,0.0,4.74,605,624
27,0.561043511343033,0.32667397215092103,-0.5135167343213191,-0.47202717003546446,-0.39494796945459143,-0.5382167319211002,-0.564748085054749,-0.19162574237817356,-0.29896760337809203,-0.36341015065584253,-0.41547347125075723,-0.2586008969377819,-0.47066889742976514,-0.4981287381152882,-0.09359318686540312,-0.07136629629845183,-0.30441909250996,-0.4612229874133345,-0.3020874190505117,-0.5614024305861688,-0.19479173333718447,0.0,0.0,0.0,1.0,0.0,0.0,0.0,0.0,0.0,0.0,0.0,0.0,1.0,0.0,0.0,1.0,0.0,0.0,0.0,0.0,0.0,0.0,0.0,0.0,0.0,0.0,0.0,0.0,0.0,0.0,1.0,0.0,0.0,0.0,1.0,0.0,0.0,1.0,0.0,0.0,3.7,578,580
28,0.9584227974702209,0.7937312602363521,-0.3409078383786295,-0.2820519472760368,-0.36847470155388096,-0.30619524125193887,-0.3125582465196844,-0.18539196539830502,-0.29896760337809203,-0.09586679772631848,-0.15734929586625984,-0.1140237364438614,4.288637881631784,4.223668649945473,0.7172287456924547,0.7372872707494693,-0.2879132473273631,-0.13285379873080178,-0.3020874190505117,0.4595699025753548,-0.23441969903662893,0.0,0.0,0.0,1.0,0.0,0.0,0.0,0.0,0.0,0.0,0.0,0.0,0.0,1.0,0.0,0.0,0.0,0.0,0.0,0.0,0.0,1.0,0.0,0.0,0.0,0.0,0.0,0.0,0.0,0.0,1.0,0.0,0.0,0.0,0.0,0.0,1.0,1.0,0.0,0.0,3.7,577,600
29,0.9584227974702209,0.7937312602363521,-0.3409078383786295,-0.2820519472760368,-0.36847470155388096,-0.30619524125193887,-0.3125582465196844,-0.18539196539830502,-0.29896760337809203,-0.09586679772631848,-0.15734929586625984,-0.1140237364438614,4.288637881631784,4.223668649945473,0.7172287456924547,0.7372872707494693,-0.2879132473273631,-0.13285379873080178,-0.3020874190505117,0.4595699025753548,-0.2351288310544085,0.0,0.0,0.0,1.0,0.0,0.0,0.0,0.0,0.0,0.0,0.0,0.0,0.0,1.0,0.0,0.0,0.0,0.0,0.0,0.0,0.0,1.0,0.0,0.0,0.0,0.0,0.0,0.0,0.0,0.0,1.0,0.0,0.0,0.0,0.0,0.0,1.0,1.0,0.0,0.0,2.9,543,577
30,0.9584227974702209,0.7937312602363521,-0.3409078383786295,-0.2820519472760368,-0.36847470155388096,-0.30619524125193887,-0.3125582465196844,-0.18539196539830502,-0.29896760337809203,-0.09586679772631848,-0.15734929586625984,-0.1140237364438614,4.288637881631784,4.223668649945473,0.7172287456924547,0.7372872707494693,-0.2879132473273631,-0.13285379873080178,-0.3020874190505117,0.4595699025753548,-0.23581710624813568,0.0,0.0,0.0,1.0,0.0,0.0,0.0,0.0,0.0,0.0,0.0,0.0,0.0,1.0,0.0,0.0,0.0,0.0,0.0,0.0,0.0,1.0,0.0,0.0,0.0,0.0,0.0,0.0,0.0,0.0,1.0,0.0,0.0,0.0,0.0,0.0,1.0,1.0,0.0,0.0,2.69,530,547
31,0.9584227974702209,0.7937312602363521,-0.3409078383786295,-0.2820519472760368,-0.36847470155388096,-0.30619524125193887,-0.3125582465196844,-0.18539196539830502,-0.29896760337809203,-0.09586679772631848,-0.15734929586625984,-0.1140237364438614,4.288637881631784,4.223668649945473,0.7172287456924547,0.7372872707494693,-0.2879132473273631,-0.13285379873080178,-0.3020874190505117,0.4595699025753548,0.10971789782696763,0.0,0.0,0.0,1.0,0.0,0.0,0.0,0.0,0.0,0.0,0.0,0.0,0.0,1.0,0.0,0.0,0.0,0.0,0.0,0.0,0.0,1.0,0.0,0.0,0.0,0.0,0.0,0.0,0.0,0.0,1.0,0.0,0.0,0.0,0.0,0.0,1.0,1.0,0.0,0.0,2.39,506,505
32,0.06431940368404808,0.015302446760633671,-0.4740632723915615,-0.43748622044284124,0.08157085275819721,0.3202627835547967,0.30645317533911065,-0.08565153372040761,-0.28937629994152414,-0.4060896855279333,-0.45598623420348106,4.914048622955816,-0.39974397626183866,-0.4277118589533895,-0.09359318686540312,-0.07136629629845183,-0.07333725995360331,-0.2411932929559912,-0.3020874190505117,-0.34845603922766794,-0.23633164409750687,0.0,0.0,0.0,1.0,0.0,0.0,0.0,0.0,0.0,0.0,0.0,0.0,1.0,0.0,0.0,0.0,0.0,0.0,0.0,0.0,0.0,1.0,0.0,0.0,0.0,0.0,0.0,0.0,0.0,0.0,1.0,0.0,0.0,0.0,1.0,0.0,0.0,1.0,0.0,0.0,2.22,473,488
33,-0.13437023937954587,-0.2960690786296537,-0.4740632723915615,-0.43748622044284124,0.08157085275819721,0.3202627835547967,0.30645317533911065,-0.08565153372040761,-0.28937629994152414,-0.4060896855279333,-0.45598623420348106,4.914048622955816,-0.39974397626183866,-0.4277118589533895,-0.09359318686540312,-0.07136629629845183,-0.07333725995360331,-0.2411932929559912,-0.3020874190505117,-0.34845603922766794,-0.23633164409750687,0.0,0.0,0.0,1.0,0.0,0.0,0.0,0.0,0.0,0.0,0.0,0.0,1.0,0.0,0.0,0.0,0.0,0.0,0.0,0.0,0.0,1.0,0.0,0.0,0.0,0.0,0.0,0.0,0.0,0.0,1.0,0.0,0.0,0.0,1.0,0.0,0.0,1.0,0.0,0.0,1.9,459,477
34,-0.33305988244313983,-0.607440604019941,-0.4740632723915615,-0.43748622044284124,0.08157085275819721,0.3202627835547967,0.30645317533911065,-0.08565153372040761,-0.28937629994152414,-0.4060896855279333,-0.45598623420348106,4.914048622955816,-0.39974397626183866,-0.4277118589533895,-0.09359318686540312,-0.07136629629845183,-0.07333725995360331,-0.2411932929559912,-0.3020874190505117,-0.34845603922766794,-0.23633164409750687,0.0,0.0,0.0,1.0,0.0,0.0,0.0,0.0,0.0,0.0,0.0,0.0,1.0,0.0,0.0,0.0,0.0,0.0,0.0,0.0,0.0,1.0,0.0,0.0,0.0,0.0,0.0,0.0,0.0,0.0,1.0,0.0,0.0,0.0,1.0,0.0,0.0,1.0,0.0,0.0,1.8,440,459
35,-0.5317495255067338,-0.9188121294102285,-0.4740632723915615,-0.43748622044284124,0.08157085275819721,0.3202627835547967,0.30645317533911065,-0.08565153372040761,-0.28937629994152414,-0.4060896855279333,-0.45598623420348106,4.914048622955816,-0.39974397626183866,-0.4277118589533895,-0.09359318686540312,-0.07136629629845183,-0.07333725995360331,-0.2411932929559912,-0.3020874190505117,-0.34845603922766794,-0.23633164409750687,0.0,0.0,0.0,1.0,0.0,0.0,0.0,0.0,0.0,0.0,0.0,0.0,1.0,0.0,0.0,0.0,0.0,0.0,0.0,0.0,0.0,1.0,0.0,0.0,0.0,0.0,0.0,0.0,0.0,0.0,1.0,0.0,0.0,0.0,1.0,0.0,0.0,1.0,0.0,0.0,1.6,427,454
52,0.7597331544066269,1.1051027856266395,-0.0696652876115459,-0.040265300127674195,-0.262581629951039,-0.13217912325006786,-0.156659073607099,-0.17292441143856782,0.055910623774917935,-0.4780715876256385,-0.525436684979579,-0.4353063153192402,1.975018039395286,1.9280741173883507,-0.28423970358580586,-0.2620864772059804,-0.07333725995360331,0.10895548477181165,-0.3020874190505117,0.17570982201310126,-0.1989630981476523,0.0,0.0,0.0,0.0,0.0,1.0,1.0,0.0,0.0,0.0,0.0,0.0,0.0,0.0,0.0,0.0,0.0,0.0,0.0,0.0,0.0,1.0,0.0,0.0,0.0,0.0,0.0,0.0,0.0,0.0,1.0,0.0,0.0,0.0,0.0,0.0,1.0,1.0,0.0,0.0,3.9,520,535
53,0.7597331544066269,1.1051027856266395,-0.0696652876115459,-0.040265300127674195,-0.262581629951039,-0.13217912325006786,-0.156659073607099,-0.17292441143856782,0.055910623774917935,-0.4780715876256385,-0.525436684979579,-0.4353063153192402,1.975018039395286,1.9280741173883507,-0.28423970358580586,-0.2620864772059804,-0.07333725995360331,0.10895548477181165,-0.3020874190505117,0.17570982201310126,-0.13222126118016692,0.0,0.0,0.0,0.0,0.0,1.0,1.0,0.0,0.0,0.0,0.0,0.0,0.0,0.0,0.0,0.0,0.0,0.0,0.0,0.0,0.0,1.0,0.0,0.0,0.0,0.0,0.0,0.0,0.0,0.0,1.0,0.0,0.0,0.0,0.0,0.0,1.0,1.0,0.0,0.0,4.07,548,558
54,0.7597331544066269,1.1051027856266395,-0.0696652876115459,-0.040265300127674195,-0.262581629951039,-0.13217912325006786,-0.156659073607099,-0.17292441143856782,0.055910623774917935,-0.4780715876256385,-0.525436684979579,-0.4353063153192402,1.975018039395286,1.9280741173883507,-0.28423970358580586,-0.2620864772059804,-0.07333725995360331,0.10895548477181165,-0.3020874190505117,0.17570982201310126,-0.027937140918470996,0.0,0.0,0.0,0.0,0.0,1.0,1.0,0.0,0.0,0.0,0.0,0.0,0.0,0.0,0.0,0.0,0.0,0.0,0.0,0.0,0.0,1.0,0.0,0.0,0.0,0.0,0.0,0.0,0.0,0.0,1.0,0.0,0.0,0.0,0.0,0.0,1.0,1.0,0.0,0.0,4.19,570,580
55,0.7597331544066269,1.1051027856266395,-0.0696652876115459,-0.040265300127674195,-0.262581629951039,-0.13217912325006786,-0.156659073607099,-0.17292441143856782,0.055910623774917935,-0.4780715876256385,-0.525436684979579,-0.4353063153192402,1.975018039395286,1.9280741173883507,-0.28423970358580586,-0.2620864772059804,-0.07333725995360331,0.10895548477181165,-0.3020874190505117,0.17570982201310126,0.07634697934322493,0.0,0.0,0.0,0.0,0.0,1.0,1.0,0.0,0.0,0.0,0.0,0.0,0.0,0.0,0.0,0.0,0.0,0.0,0.0,0.0,0.0,1.0,0.0,0.0,0.0,0.0,0.0,0.0,0.0,0.0,1.0,0.0,0.0,0.0,0.0,0.0,1.0,1.0,0.0,0.0,4.3,580,590
56,0.7597331544066269,1.1051027856266395,-0.0696652876115459,-0.040265300127674195,-0.262581629951039,-0.13217912325006786,-0.156659073607099,-0.17292441143856782,0.055910623774917935,-0.4780715876256385,-0.525436684979579,-0.4353063153192402,1.975018039395286,1.9280741173883507,-0.28423970358580586,-0.2620864772059804,-0.07333725995360331,0.10895548477181165,-0.3020874190505117,0.17570982201310126,0.18063109960492085,0.0,0.0,0.0,0.0,0.0,1.0,1.0,0.0,0.0,0.0,0.0,0.0,0.0,0.0,0.0,0.0,0.0,0.0,0.0,0.0,0.0,1.0,0.0,0.0,0.0,0.0,0.0,0.0,0.0,0.0,1.0,0.0,0.0,0.0,0.0,0.0,1.0,1.0,0.0,0.0,4.39,595,600
57,0.7597331544066269,1.1051027856266395,-0.0696652876115459,-0.040265300127674195,-0.262581629951039,-0.13217912325006786,-0.156659073607099,-0.17292441143856782,0.055910623774917935,-0.4780715876256385,-0.525436684979579,-0.4353063153192402,1.975018039395286,1.9280741173883507,-0.28423970358580586,-0.2620864772059804,-0.07333725995360331,0.10895548477181165,-0.3020874190505117,0.17570982201310126,0.2390302069514706,0.0,0.0,0.0,0.0,0.0,1.0,1.0,0.0,0.0,0.0,0.0,0.0,0.0,0.0,0.0,0.0,0.0,0.0,0.0,0.0,0.0,1.0,0.0,0.0,0.0,0.0,0.0,0.0,0.0,0.0,1.0,0.0,0.0,0.0,0.0,0.0,1.0,1.0,0.0,0.0,4.9,630,640
58,0.7597331544066269,1.1051027856266395,-0.0696652876115459,-0.040265300127674195,-0.262581629951039,-0.13217912325006786,-0.156659073607099,-0.17292441143856782,0.055910623774917935,-0.4780715876256385,-0.525436684979579,-0.4353063153192402,1.975018039395286,1.9280741173883507,-0.28423970358580586,-0.2620864772059804,-0.07333725995360331,0.10895548477181165,-0.3020874190505117,0.17570982201310126,0.2849152198666168,0.0,0.0,0.0,0.0,0.0,1.0,1.0,0.0,0.0,0.0,0.0,0.0,0.0,0.0,0.0,0.0,0.0,0.0,0.0,0.0,0.0,1.0,0.0,0.0,0.0,0.0,0.0,0.0,0.0,0.0,1.0,0.0,0.0,0.0,0.0,0.0,1.0,1.0,0.0,0.0,5.05,640,650
59,0.26300904674764203,0.32667397215092103,-0.04500687390544737,-0.40294527085021803,-0.39494796945459143,-0.48021135925380987,-0.4730426892238164,-0.19162574237817356,-0.28937629994152414,-0.4780715876256385,-0.525436684979579,-0.4353063153192402,1.975018039395286,1.6919507829786133,0.4438921735270578,0.4634978554911061,-0.2989171441157611,-0.4025856322914537,-0.3020874190505117,-0.13381572695441954,-0.23615707248018877,0.0,0.0,0.0,0.0,1.0,0.0,1.0,0.0,0.0,0.0,0.0,0.0,0.0,0.0,0.0,0.0,0.0,0.0,0.0,0.0,0.0,0.0,0.0,0.0,1.0,0.0,0.0,0.0,0.0,1.0,0.0,0.0,0.0,0.0,0.0,0.0,1.0,1.0,0.0,0.0,1.92,460,470
60,0.26300904674764203,0.32667397215092103,-0.04500687390544737,-0.40294527085021803,-0.39494796945459143,-0.48021135925380987,-0.4730426892238164,-0.19162574237817356,-0.28937629994152414,-0.4780715876256385,-0.525436684979579,-0.4353063153192402,1.975018039395286,1.6919507829786133,0.4438921735270578,0.4634978554911061,-0.2989171441157611,-0.4025856322914537,-0.3020874190505117,-0.13381572695441954,-0.22607696941569327,0.0,0.0,0.0,0.0,1.0,0.0,1.0,0.0,0.0,0.0,0.0,0.0,0.0,0.0,0.0,0.0,0.0,0.0,0.0,0.0,0.0,0.0,0.0,0.0,1.0,0.0,0.0,0.0,0.0,1.0,0.0,0.0,0.0,0.0,0.0,0.0,1.0,1.0,0.0,0.0,2.87,540,550
61,0.26300904674764203,0.32667397215092103,-0.04500687390544737,-0.40294527085021803,-0.39494796945459143,-0.48021135925380987,-0.4730426892238164,-0.19162574237817356,-0.28937629994152414,-0.4780715876256385,-0.525436684979579,-0.4353063153192402,1.975018039395286,1.6919507829786133,0.4438921735270578,0.4634978554911061,-0.2989171441157611,-0.4025856322914537,-0.3020874190505117,-0.13381572695441954,-0.20522014536335406,0.0,0.0,0.0,0.0,1.0,0.0,1.0,0.0,0.0,0.0,0.0,0.0,0.0,0.0,0.0,0.0,0.0,0.0,0.0,0.0,0.0,0.0,0.0,0.0,1.0,0.0,0.0,0.0,0.0,1.0,0.0,0.0,0.0,0.0,0.0,0.0,1.0,1.0,0.0,0.0,3.02,550,565
62,0.26300904674764203,0.32667397215092103,-0.04500687390544737,-0.40294527085021803,-0.39494796945459143,-0.48021135925380987,-0.4730426892238164,-0.19162574237817356,-0.28937629994152414,-0.4780715876256385,-0.525436684979579,-0.4353063153192402,1.975018039395286,1.6919507829786133,0.4438921735270578,0.4634978554911061,-0.2989171441157611,-0.4025856322914537,-0.3020874190505117,-0.13381572695441954,-0.17393490928484528,0.0,0.0,0.0,0.0,1.0,0.0,1.0,0.0,0.0,0.0,0.0,0.0,0.0,0.0,0.0,0.0,0.0,0.0,0.0,0.0,0.0,0.0,0.0,0.0,1.0,0.0,0.0,0.0,0.0,1.0,0.0,0.0,0.0,0.0,0.0,0.0,1.0,1.0,0.0,0.0,3.15,555,570
63,0.26300904674764203,0.32667397215092103,-0.04500687390544737,-0.40294527085021803,-0.39494796945459143,-0.48021135925380987,-0.4730426892238164,-0.19162574237817356,-0.28937629994152414,-0.4780715876256385,-0.525436684979579,-0.4353063153192402,1.975018039395286,1.6919507829786133,0.4438921735270578,0.4634978554911061,-0.2989171441157611,-0.4025856322914537,-0.3020874190505117,-0.13381572695441954,-0.11136443712782775,0.0,0.0,0.0,0.0,1.0,0.0,1.0,0.0,0.0,0.0,0.0,0.0,0.0,0.0,0.0,0.0,0.0,0.0,0.0,0.0,0.0,0.0,0.0,0.0,1.0,0.0,0.0,0.0,0.0,1.0,0.0,0.0,0.0,0.0,0.0,0.0,1.0,1.0,0.0,0.0,3.38,565,575
64,0.26300904674764203,0.32667397215092103,-0.04500687390544737,-0.40294527085021803,-0.39494796945459143,-0.48021135925380987,-0.4730426892238164,-0.19162574237817356,-0.28937629994152414,-0.4780715876256385,-0.525436684979579,-0.4353063153192402,1.975018039395286,1.6919507829786133,0.4438921735270578,0.4634978554911061,-0.2989171441157611,-0.4025856322914537,-0.3020874190505117,-0.13381572695441954,0.13891745150024248,0.0,0.0,0.0,0.0,1.0,0.0,1.0,0.0,0.0,0.0,0.0,0.0,0.0,0.0,0.0,0.0,0.0,0.0,0.0,0.0,0.0,0.0,0.0,0.0,1.0,0.0,0.0,0.0,0.0,1.0,0.0,0.0,0.0,0.0,0.0,0.0,1.0,1.0,0.0,0.0,3.57,580,580
65,0.561043511343033,0.7937312602363521,-0.2915910109664325,-0.23024052288710192,-0.31552816575245995,-0.42220598658651953,-0.42718999130835017,-0.19162574237817356,0.679345347151827,-0.24450199379827625,-0.3008802274701956,0.22332297137528623,-0.47066889742976514,-0.4981287381152882,-0.4748862203062087,-0.4519590128650311,-0.315422989298358,0.19942454695985637,-0.3020874190505117,-0.019347737866928436,-0.23644281096970585,0.0,0.0,0.0,1.0,0.0,0.0,0.0,0.0,0.0,0.0,0.0,1.0,0.0,0.0,0.0,1.0,0.0,0.0,0.0,0.0,0.0,0.0,0.0,0.0,0.0,0.0,0.0,1.0,0.0,0.0,0.0,0.0,0.0,0.0,1.0,0.0,0.0,1.0,0.0,0.0,1.3,410,435
66,0.561043511343033,0.7937312602363521,-0.2915910109664325,-0.23024052288710192,-0.31552816575245995,-0.42220598658651953,-0.42718999130835017,-0.19162574237817356,0.679345347151827,-0.24450199379827625,-0.3008802274701956,0.22332297137528623,-0.47066889742976514,-0.4981287381152882,-0.4748862203062087,-0.4519590128650311,-0.315422989298358,0.19942454695985637,-0.3020874190505117,-0.019347737866928436,-0.23633852684944415,0.0,0.0,0.0,1.0,0.0,0.0,0.0,0.0,0.0,0.0,0.0,1.0,0.0,0.0,0.0,1.0,0.0,0.0,0.0,0.0,0.0,0.0,0.0,0.0,0.0,0.0,0.0,1.0,0.0,0.0,0.0,0.0,0.0,0.0,1.0,0.0,0.0,1.0,0.0,0.0,1.7,435,455
67,0.561043511343033,0.7937312602363521,-0.2915910109664325,-0.23024052288710192,-0.31552816575245995,-0.42220598658651953,-0.42718999130835017,-0.19162574237817356,0.679345347151827,-0.24450199379827625,-0.3008802274701956,0.22332297137528623,-0.47066889742976514,-0.4981287381152882,-0.4748862203062087,-0.4519590128650311,-0.315422989298358,0.19942454695985637,-0.3020874190505117,-0.019347737866928436,-0.2361508154329731,0.0,0.0,0.0,1.0,0.0,0.0,0.0,0.0,0.0,0.0,0.0,1.0,0.0,0.0,0.0,1.0,0.0,0.0,0.0,0.0,0.0,0.0,0.0,0.0,0.0,0.0,0.0,1.0,0.0,0.0,0.0,0.0,0.0,0.0,1.0,0.0,0.0,1.0,0.0,0.0,2.1,470,480
68,0.561043511343033,0.7937312602363521,-0.2915910109664325,-0.23024052288710192,-0.31552816575245995,-0.42220598658651953,-0.42718999130835017,-0.19162574237817356,0.679345347151827,-0.24450199379827625,-0.3008802274701956,0.22332297137528623,-0.47066889742976514,-0.4981287381152882,-0.4748862203062087,-0.4519590128650311,-0.315422989298358,0.19942454695985637,-0.3020874190505117,-0.019347737866928436,-0.23581710624813568,0.0,0.0,0.0,1.0,0.0,0.0,0.0,0.0,0.0,0.0,0.0,1.0,0.0,0.0,0.0,1.0,0.0,0.0,0.0,0.0,0.0,0.0,0.0,0.0,0.0,0.0,0.0,1.0,0.0,0.0,0.0,0.0,0.0,0.0,1.0,0.0,0.0,1.0,0.0,0.0,2.5,490,515
69,0.561043511343033,0.7937312602363521,-0.2915910109664325,-0.23024052288710192,-0.31552816575245995,-0.42220598658651953,-0.42718999130835017,-0.19162574237817356,0.679345347151827,-0.24450199379827625,-0.3008802274701956,0.22332297137528623,-0.47066889742976514,-0.4981287381152882,-0.4748862203062087,-0.4519590128650311,-0.315422989298358,0.19942454695985637,-0.3020874190505117,-0.019347737866928436,-0.2354625402392459,0.0,0.0,0.0,1.0,0.0,0.0,0.0,0.0,0.0,0.0,0.0,1.0,0.0,0.0,0.0,1.0,0.0,0.0,0.0,0.0,0.0,0.0,0.0,0.0,0.0,0.0,0.0,1.0,0.0,0.0,0.0,0.0,0.0,0.0,1.0,0.0,0.0,1.0,0.0,0.0,2.8,508,525
70,0.561043511343033,0.7937312602363521,-0.2915910109664325,-0.23024052288710192,-0.31552816575245995,-0.42220598658651953,-0.42718999130835017,-0.19162574237817356,0.679345347151827,-0.24450199379827625,-0.3008802274701956,0.22332297137528623,-0.47066889742976514,-0.4981287381152882,-0.4748862203062087,-0.4519590128650311,-0.315422989298358,0.19942454695985637,-0.3020874190505117,-0.019347737866928436,-0.23510797423035612,0.0,0.0,0.0,1.0,0.0,0.0,0.0,0.0,0.0,0.0,0.0,1.0,0.0,0.0,0.0,1.0,0.0,0.0,0.0,0.0,0.0,0.0,0.0,0.0,0.0,0.0,0.0,1.0,0.0,0.0,0.0,0.0,0.0,0.0,1.0,0.0,0.0,1.0,0.0,0.0,2.9,512,528
71,0.561043511343033,0.7937312602363521,-0.2915910109664325,-0.23024052288710192,-0.31552816575245995,-0.42220598658651953,-0.42718999130835017,-0.19162574237817356,0.679345347151827,-0.24450199379827625,-0.3008802274701956,0.22332297137528623,-0.47066889742976514,-0.4981287381152882,-0.4748862203062087,-0.4519590128650311,-0.315422989298358,0.19942454695985637,-0.3020874190505117,-0.019347737866928436,-0.2347742650455187,0.0,0.0,0.0,1.0,0.0,0.0,0.0,0.0,0.0,0.0,0.0,1.0,0.0,0.0,0.0,1.0,0.0,0.0,0.0,0.0,0.0,0.0,0.0,0.0,0.0,0.0,0.0,1.0,0.0,0.0,0.0,0.0,0.0,0.0,1.0,0.0,0.0,1.0,0.0,0.0,3.1,520,530
72,0.561043511343033,0.7937312602363521,-0.2915910109664325,-0.23024052288710192,-0.31552816575245995,-0.42220598658651953,-0.42718999130835017,-0.19162574237817356,0.679345347151827,-0.24450199379827625,-0.3008802274701956,0.22332297137528623,-0.47066889742976514,-0.4981287381152882,-0.4748862203062087,-0.4519590128650311,-0.315422989298358,0.19942454695985637,-0.3020874190505117,-0.019347737866928436,-0.23441969903662893,0.0,0.0,0.0,1.0,0.0,0.0,0.0,0.0,0.0,0.0,0.0,1.0,0.0,0.0,0.0,1.0,0.0,0.0,0.0,0.0,0.0,0.0,0.0,0.0,0.0,0.0,0.0,1.0,0.0,0.0,0.0,0.0,0.0,0.0,1.0,0.0,0.0,1.0,0.0,0.0,3.3,523,535
73,0.561043511343033,0.7937312602363521,-0.2915910109664325,-0.23024052288710192,-0.31552816575245995,-0.42220598658651953,-0.42718999130835017,-0.19162574237817356,0.679345347151827,-0.24450199379827625,-0.3008802274701956,0.22332297137528623,-0.47066889742976514,-0.4981287381152882,-0.4748862203062087,-0.4519590128650311,-0.315422989298358,0.19942454695985637,-0.3020874190505117,-0.019347737866928436,-0.2302483342261611,0.0,0.0,0.0,1.0,0.0,0.0,0.0,0.0,0.0,0.0,0.0,1.0,0.0,0.0,0.0,1.0,0.0,0.0,0.0,0.0,0.0,0.0,0.0,0.0,0.0,0.0,0.0,1.0,0.0,0.0,0.0,0.0,0.0,0.0,1.0,0.0,0.0,1.0,0.0,0.0,3.8,535,550
74,0.561043511343033,0.7937312602363521,-0.2915910109664325,-0.23024052288710192,-0.31552816575245995,-0.42220598658651953,-0.42718999130835017,-0.19162574237817356,0.679345347151827,-0.24450199379827625,-0.3008802274701956,0.22332297137528623,-0.47066889742976514,-0.4981287381152882,-0.4748862203062087,-0.4519590128650311,-0.315422989298358,0.19942454695985637,-0.3020874190505117,-0.019347737866928436,-0.22607696941569327,0.0,0.0,0.0,1.0,0.0,0.0,0.0,0.0,0.0,0.0,0.0,1.0,0.0,0.0,0.0,1.0,0.0,0.0,0.0,0.0,0.0,0.0,0.0,0.0,0.0,0.0,0.0,1.0,0.0,0.0,0.0,0.0,0.0,0.0,1.0,0.0,0.0,1.0,0.0,0.0,4.2,560,570
75,0.561043511343033,0.7937312602363521,-0.2915910109664325,-0.23024052288710192,-0.31552816575245995,-0.42220598658651953,-0.42718999130835017,-0.19162574237817356,0.679345347151827,-0.24450199379827625,-0.3008802274701956,0.22332297137528623,-0.47066889742976514,-0.4981287381152882,-0.4748862203062087,-0.4519590128650311,-0.315422989298358,0.19942454695985637,-0.3020874190505117,-0.019347737866928436,-0.21564855738952368,0.0,0.0,0.0,1.0,0.0,0.0,0.0,0.0,0.0,0.0,0.0,1.0,0.0,0.0,0.0,1.0,0.0,0.0,0.0,0.0,0.0,0.0,0.0,0.0,0.0,0.0,0.0,1.0,0.0,0.0,0.0,0.0,0.0,0.0,1.0,0.0,0.0,1.0,0.0,0.0,4.6,575,580
76,0.561043511343033,0.7937312602363521,-0.2915910109664325,-0.23024052288710192,-0.31552816575245995,-0.42220598658651953,-0.42718999130835017,-0.19162574237817356,0.679345347151827,-0.24450199379827625,-0.3008802274701956,0.22332297137528623,-0.47066889742976514,-0.4981287381152882,-0.4748862203062087,-0.4519590128650311,-0.315422989298358,0.19942454695985637,-0.3020874190505117,-0.019347737866928436,-0.1530780852325061,0.0,0.0,0.0,1.0,0.0,0.0,0.0,0.0,0.0,0.0,0.0,1.0,0.0,0.0,0.0,1.0,0.0,0.0,0.0,0.0,0.0,0.0,0.0,0.0,0.0,0.0,0.0,1.0,0.0,0.0,0.0,0.0,0.0,0.0,1.0,0.0,0.0,1.0,0.0,0.0,4.7,587,595
77,-1.5251977408247035,-0.9188121294102285,-0.21761576984813696,-0.31313880190939763,-0.36847470155388096,-0.5382167319211002,-0.5280659267223761,-0.19785951935804216,1.657658297681746,-0.09586679772631848,-0.15850680337919484,-0.1461519943313993,-0.47066889742976514,-0.4981287381152882,-0.4381350845528781,-0.41466262193200326,-0.08984310513620022,0.1547484668669948,-0.3020874190505117,-0.03372040017387805,-0.2302483342261611,1.0,0.0,0.0,0.0,0.0,0.0,0.0,0.0,0.0,0.0,0.0,0.0,1.0,0.0,0.0,1.0,0.0,0.0,0.0,0.0,0.0,0.0,0.0,0.0,0.0,0.0,0.0,0.0,0.0,1.0,0.0,0.0,0.0,0.0,0.0,1.0,0.0,1.0,0.0,0.0,2.1208,475,507
78,-1.5251977408247035,-0.9188121294102285,-0.21761576984813696,-0.31313880190939763,-0.36847470155388096,-0.5382167319211002,-0.5280659267223761,-0.19785951935804216,1.657658297681746,-0.09586679772631848,-0.15850680337919484,-0.1461519943313993,-0.47066889742976514,-0.4981287381152882,-0.4381350845528781,-0.41466262193200326,-0.08984310513620022,0.1547484668669948,-0.3020874190505117,-0.03372040017387805,-0.22190560460522543,1.0,0.0,0.0,0.0,0.0,0.0,0.0,0.0,0.0,0.0,0.0,0.0,1.0,0.0,0.0,1.0,0.0,0.0,0.0,0.0,0.0,0.0,0.0,0.0,0.0,0.0,0.0,0.0,0.0,1.0,0.0,0.0,0.0,0.0,0.0,1.0,0.0,1.0,0.0,0.0,2.25,490,542
79,-1.5251977408247035,-0.9188121294102285,-0.21761576984813696,-0.31313880190939763,-0.36847470155388096,-0.5382167319211002,-0.5280659267223761,-0.19785951935804216,1.657658297681746,-0.09586679772631848,-0.15850680337919484,-0.1461519943313993,-0.47066889742976514,-0.4981287381152882,-0.4381350845528781,-0.41466262193200326,-0.08984310513620022,0.1547484668669948,-0.3020874190505117,-0.03372040017387805,-0.20313446295812015,1.0,0.0,0.0,0.0,0.0,0.0,0.0,0.0,0.0,0.0,0.0,0.0,1.0,0.0,0.0,1.0,0.0,0.0,0.0,0.0,0.0,0.0,0.0,0.0,0.0,0.0,0.0,0.0,0.0,1.0,0.0,0.0,0.0,0.0,0.0,1.0,0.0,1.0,0.0,0.0,2.299,495,525
80,-1.5251977408247035,-0.9188121294102285,-0.21761576984813696,-0.31313880190939763,-0.36847470155388096,-0.5382167319211002,-0.5280659267223761,-0.19785951935804216,1.657658297681746,-0.09586679772631848,-0.15850680337919484,-0.1461519943313993,-0.47066889742976514,-0.4981287381152882,-0.4381350845528781,-0.41466262193200326,-0.08984310513620022,0.1547484668669948,-0.3020874190505117,-0.03372040017387805,-0.1864490037162488,1.0,0.0,0.0,0.0,0.0,0.0,0.0,0.0,0.0,0.0,0.0,0.0,1.0,0.0,0.0,1.0,0.0,0.0,0.0,0.0,0.0,0.0,0.0,0.0,0.0,0.0,0.0,0.0,0.0,1.0,0.0,0.0,0.0,0.0,0.0,1.0,0.0,1.0,0.0,0.0,2.4065,505,530
81,-1.5251977408247035,-0.9188121294102285,-0.21761576984813696,-0.31313880190939763,-0.36847470155388096,-0.5382167319211002,-0.5280659267223761,-0.19785951935804216,1.657658297681746,-0.09586679772631848,-0.15850680337919484,-0.1461519943313993,-0.47066889742976514,-0.4981287381152882,-0.4381350845528781,-0.41466262193200326,-0.08984310513620022,0.1547484668669948,-0.3020874190505117,-0.03372040017387805,-0.16142081485344179,1.0,0.0,0.0,0.0,0.0,0.0,0.0,0.0,0.0,0.0,0.0,0.0,1.0,0.0,0.0,1.0,0.0,0.0,0.0,0.0,0.0,0.0,0.0,0.0,0.0,0.0,0.0,0.0,0.0,1.0,0.0,0.0,0.0,0.0,0.0,1.0,0.0,1.0,0.0,0.0,2.4527,510,535
82,-1.5251977408247035,-0.9188121294102285,-0.21761576984813696,-0.31313880190939763,-0.36847470155388096,-0.5382167319211002,-0.5280659267223761,-0.19785951935804216,1.657658297681746,-0.09586679772631848,-0.15850680337919484,-0.1461519943313993,-0.47066889742976514,-0.4981287381152882,-0.4381350845528781,-0.41466262193200326,-0.08984310513620022,0.1547484668669948,-0.3020874190505117,-0.03372040017387805,-0.13222126118016692,1.0,0.0,0.0,0.0,0.0,0.0,0.0,0.0,0.0,0.0,0.0,0.0,1.0,0.0,0.0,1.0,0.0,0.0,0.0,0.0,0.0,0.0,0.0,0.0,0.0,0.0,0.0,0.0,0.0,1.0,0.0,0.0,0.0,0.0,0.0,1.0,0.0,1.0,0.0,0.0,2.4664,512,540
83,-1.5251977408247035,-1.3858694174956596,-0.21761576984813696,-0.31313880190939763,-0.36847470155388096,-0.5382167319211002,-0.5280659267223761,-0.19785951935804216,1.657658297681746,-0.09586679772631848,-0.15850680337919484,-0.1461519943313993,-0.47066889742976514,-0.4981287381152882,-0.4381350845528781,-0.41466262193200326,-0.08984310513620022,0.1547484668669948,-0.3020874190505117,-0.03372040017387805,-0.2302483342261611,1.0,0.0,0.0,0.0,0.0,0.0,0.0,0.0,0.0,0.0,0.0,0.0,1.0,0.0,0.0,1.0,0.0,0.0,0.0,0.0,0.0,0.0,0.0,0.0,0.0,0.0,0.0,0.0,0.0,1.0,0.0,0.0,0.0,0.0,0.0,1.0,0.0,1.0,0.0,0.0,1.9138,445,490
84,-1.5251977408247035,-1.3858694174956596,-0.21761576984813696,-0.31313880190939763,-0.36847470155388096,-0.5382167319211002,-0.5280659267223761,-0.19785951935804216,1.657658297681746,-0.09586679772631848,-0.15850680337919484,-0.1461519943313993,-0.47066889742976514,-0.4981287381152882,-0.4381350845528781,-0.41466262193200326,-0.08984310513620022,0.1547484668669948,-0.3020874190505117,-0.03372040017387805,-0.22190560460522543,1.0,0.0,0.0,0.0,0.0,0.0,0.0,0.0,0.0,0.0,0.0,0.0,1.0,0.0,0.0,1.0,0.0,0.0,0.0,0.0,0.0,0.0,0.0,0.0,0.0,0.0,0.0,0.0,0.0,1.0,0.0,0.0,0.0,0.0,0.0,1.0,0.0,1.0,0.0,0.0,2.0272,460,500
85,-1.5251977408247035,-1.3858694174956596,-0.21761576984813696,-0.31313880190939763,-0.36847470155388096,-0.5382167319211002,-0.5280659267223761,-0.19785951935804216,1.657658297681746,-0.09586679772631848,-0.15850680337919484,-0.1461519943313993,-0.47066889742976514,-0.4981287381152882,-0.4381350845528781,-0.41466262193200326,-0.08984310513620022,0.1547484668669948,-0.3020874190505117,-0.03372040017387805,-0.20313446295812015,1.0,0.0,0.0,0.0,0.0,0.0,0.0,0.0,0.0,0.0,0.0,0.0,1.0,0.0,0.0,1.0,0.0,0.0,0.0,0.0,0.0,0.0,0.0,0.0,0.0,0.0,0.0,0.0,0.0,1.0,0.0,0.0,0.0,0.0,0.0,1.0,0.0,1.0,0.0,0.0,2.1516,477,505
86,-1.5251977408247035,-1.3858694174956596,-0.21761576984813696,-0.31313880190939763,-0.36847470155388096,-0.5382167319211002,-0.5280659267223761,-0.19785951935804216,1.657658297681746,-0.09586679772631848,-0.15850680337919484,-0.1461519943313993,-0.47066889742976514,-0.4981287381152882,-0.4381350845528781,-0.41466262193200326,-0.08984310513620022,0.1547484668669948,-0.3020874190505117,-0.03372040017387805,-0.1864490037162488,1.0,0.0,0.0,0.0,0.0,0.0,0.0,0.0,0.0,0.0,0.0,0.0,1.0,0.0,0.0,1.0,0.0,0.0,0.0,0.0,0.0,0.0,0.0,0.0,0.0,0.0,0.0,0.0,0.0,1.0,0.0,0.0,0.0,0.0,0.0,1.0,0.0,1.0,0.0,0.0,2.2015,480,513
87,-1.5251977408247035,-1.3858694174956596,-0.21761576984813696,-0.31313880190939763,-0.36847470155388096,-0.5382167319211002,-0.5280659267223761,-0.19785951935804216,1.657658297681746,-0.09586679772631848,-0.15850680337919484,-0.1461519943313993,-0.47066889742976514,-0.4981287381152882,-0.4381350845528781,-0.41466262193200326,-0.08984310513620022,0.1547484668669948,-0.3020874190505117,-0.03372040017387805,-0.16142081485344179,1.0,0.0,0.0,0.0,0.0,0.0,0.0,0.0,0.0,0.0,0.0,0.0,1.0,0.0,0.0,1.0,0.0,0.0,0.0,0.0,0.0,0.0,0.0,0.0,0.0,0.0,0.0,0.0,0.0,1.0,0.0,0.0,0.0,0.0,0.0,1.0,0.0,1.0,0.0,0.0,2.2939,495,521
88,-1.5251977408247035,-1.3858694174956596,-0.21761576984813696,-0.31313880190939763,-0.36847470155388096,-0.5382167319211002,-0.5280659267223761,-0.19785951935804216,1.657658297681746,-0.09586679772631848,-0.15850680337919484,-0.1461519943313993,-0.47066889742976514,-0.4981287381152882,-0.4381350845528781,-0.41466262193200326,-0.08984310513620022,0.1547484668669948,-0.3020874190505117,-0.03372040017387805,-0.13222126118016692,1.0,0.0,0.0,0.0,0.0,0.0,0.0,0.0,0.0,0.0,0.0,0.0,1.0,0.0,0.0,1.0,0.0,0.0,0.0,0.0,0.0,0.0,0.0,0.0,0.0,0.0,0.0,0.0,0.0,1.0,0.0,0.0,0.0,0.0,0.0,1.0,0.0,1.0,0.0,0.0,2.3523,503,525
89,-1.5251977408247035,-1.8529267055810905,-0.21761576984813696,-0.31313880190939763,-0.36847470155388096,-0.5382167319211002,-0.5280659267223761,-0.19785951935804216,1.657658297681746,-0.09586679772631848,-0.15850680337919484,-0.1461519943313993,-0.47066889742976514,-0.4981287381152882,-0.4381350845528781,-0.41466262193200326,-0.08984310513620022,0.1547484668669948,-0.3020874190505117,-0.03372040017387805,-0.22190560460522543,1.0,0.0,0.0,0.0,0.0,0.0,0.0,0.0,0.0,0.0,0.0,0.0,1.0,0.0,0.0,1.0,0.0,0.0,0.0,0.0,0.0,0.0,0.0,0.0,0.0,0.0,0.0,0.0,0.0,1.0,0.0,0.0,0.0,0.0,0.0,1.0,0.0,1.0,0.0,0.0,1.7075,None,485
90,-1.5251977408247035,-1.8529267055810905,-0.21761576984813696,-0.31313880190939763,-0.36847470155388096,-0.5382167319211002,-0.5280659267223761,-0.19785951935804216,1.657658297681746,-0.09586679772631848,-0.15850680337919484,-0.1461519943313993,-0.47066889742976514,-0.4981287381152882,-0.4381350845528781,-0.41466262193200326,-0.08984310513620022,0.1547484668669948,-0.3020874190505117,-0.03372040017387805,-0.20313446295812015,1.0,0.0,0.0,0.0,0.0,0.0,0.0,0.0,0.0,0.0,0.0,0.0,1.0,0.0,0.0,1.0,0.0,0.0,0.0,0.0,0.0,0.0,0.0,0.0,0.0,0.0,0.0,0.0,0.0,1.0,0.0,0.0,0.0,0.0,0.0,1.0,0.0,1.0,0.0,0.0,1.9458,455,490
91,-1.5251977408247035,-1.8529267055810905,-0.21761576984813696,-0.31313880190939763,-0.36847470155388096,-0.5382167319211002,-0.5280659267223761,-0.19785951935804216,1.657658297681746,-0.09586679772631848,-0.15850680337919484,-0.1461519943313993,-0.47066889742976514,-0.4981287381152882,-0.4381350845528781,-0.41466262193200326,-0.08984310513620022,0.1547484668669948,-0.3020874190505117,-0.03372040017387805,-0.1864490037162488,1.0,0.0,0.0,0.0,0.0,0.0,0.0,0.0,0.0,0.0,0.0,0.0,1.0,0.0,0.0,1.0,0.0,0.0,0.0,0.0,0.0,0.0,0.0,0.0,0.0,0.0,0.0,0.0,0.0,1.0,0.0,0.0,0.0,0.0,0.0,1.0,0.0,1.0,0.0,0.0,2.0144,460,495
92,-1.5251977408247035,-1.8529267055810905,-0.21761576984813696,-0.31313880190939763,-0.36847470155388096,-0.5382167319211002,-0.5280659267223761,-0.19785951935804216,1.657658297681746,-0.09586679772631848,-0.15850680337919484,-0.1461519943313993,-0.47066889742976514,-0.4981287381152882,-0.4381350845528781,-0.41466262193200326,-0.08984310513620022,0.1547484668669948,-0.3020874190505117,-0.03372040017387805,-0.16142081485344179,1.0,0.0,0.0,0.0,0.0,0.0,0.0,0.0,0.0,0.0,0.0,0.0,1.0,0.0,0.0,1.0,0.0,0.0,0.0,0.0,0.0,0.0,0.0,0.0,0.0,0.0,0.0,0.0,0.0,1.0,0.0,0.0,0.0,0.0,0.0,1.0,0.0,1.0,0.0,0.0,2.0673,465,497
93,-1.5251977408247035,-1.8529267055810905,-0.21761576984813696,-0.31313880190939763,-0.36847470155388096,-0.5382167319211002,-0.5280659267223761,-0.19785951935804216,1.657658297681746,-0.09586679772631848,-0.15850680337919484,-0.1461519943313993,-0.47066889742976514,-0.4981287381152882,-0.4381350845528781,-0.41466262193200326,-0.08984310513620022,0.1547484668669948,-0.3020874190505117,-0.03372040017387805,-0.13222126118016692,1.0,0.0,0.0,0.0,0.0,0.0,0.0,0.0,0.0,0.0,0.0,0.0,1.0,0.0,0.0,1.0,0.0,0.0,0.0,0.0,0.0,0.0,0.0,0.0,0.0,0.0,0.0,0.0,0.0,1.0,0.0,0.0,0.0,0.0,0.0,1.0,0.0,1.0,0.0,0.0,2.0995,470,500
94,0.7597331544066269,0.015302446760633671,-0.39022466579082654,-0.34422565654275855,-0.39494796945459143,-0.36420061391922914,-0.39509310276752374,-0.19162574237817356,-0.29896760337809203,0.15468967565212466,0.08456977433714796,-0.29072915482531975,-0.47066889742976514,-0.4981287381152882,-0.20844048609456142,-0.1866460500914469,-0.23289376338537343,0.2787245891246857,1.0524132670829687,0.1905957936881561,-0.2361508154329731,0.0,0.0,0.0,1.0,0.0,0.0,0.0,0.0,0.0,0.0,0.0,0.0,1.0,0.0,0.0,1.0,0.0,0.0,0.0,0.0,0.0,0.0,0.0,0.0,0.0,0.0,0.0,0.0,0.0,0.0,1.0,0.0,0.0,0.0,1.0,0.0,0.0,0.0,1.0,0.0,2.4731,491,504
95,0.7597331544066269,0.015302446760633671,-0.39022466579082654,-0.34422565654275855,-0.39494796945459143,-0.36420061391922914,-0.39509310276752374,-0.19162574237817356,-0.29896760337809203,0.15468967565212466,0.08456977433714796,-0.29072915482531975,-0.47066889742976514,-0.4981287381152882,-0.20844048609456142,-0.1866460500914469,-0.23289376338537343,0.2787245891246857,1.0524132670829687,0.1905957936881561,-0.2354625402392459,0.0,0.0,0.0,1.0,0.0,0.0,0.0,0.0,0.0,0.0,0.0,0.0,1.0,0.0,0.0,1.0,0.0,0.0,0.0,0.0,0.0,0.0,0.0,0.0,0.0,0.0,0.0,0.0,0.0,0.0,1.0,0.0,0.0,0.0,1.0,0.0,0.0,0.0,1.0,0.0,2.9895,537,547
96,0.7597331544066269,0.015302446760633671,-0.39022466579082654,-0.34422565654275855,-0.39494796945459143,-0.36420061391922914,-0.39509310276752374,-0.19162574237817356,-0.29896760337809203,0.15468967565212466,0.08456977433714796,-0.29072915482531975,-0.47066889742976514,-0.4981287381152882,-0.20844048609456142,-0.1866460500914469,-0.23289376338537343,0.2787245891246857,1.0524132670829687,0.1905957936881561,-0.23441969903662893,0.0,0.0,0.0,1.0,0.0,0.0,0.0,0.0,0.0,0.0,0.0,0.0,1.0,0.0,0.0,1.0,0.0,0.0,0.0,0.0,0.0,0.0,0.0,0.0,0.0,0.0,0.0,0.0,0.0,0.0,1.0,0.0,0.0,0.0,1.0,0.0,0.0,0.0,1.0,0.0,3.3729,553,563
97,0.7597331544066269,0.015302446760633671,-0.39022466579082654,-0.34422565654275855,-0.39494796945459143,-0.36420061391922914,-0.39509310276752374,-0.19162574237817356,-0.29896760337809203,0.15468967565212466,0.08456977433714796,-0.29072915482531975,-0.47066889742976514,-0.4981287381152882,-0.20844048609456142,-0.1866460500914469,-0.23289376338537343,0.2787245891246857,1.0524132670829687,0.1905957936881561,-0.2302483342261611,0.0,0.0,0.0,1.0,0.0,0.0,0.0,0.0,0.0,0.0,0.0,0.0,1.0,0.0,0.0,1.0,0.0,0.0,0.0,0.0,0.0,0.0,0.0,0.0,0.0,0.0,0.0,0.0,0.0,0.0,1.0,0.0,0.0,0.0,1.0,0.0,0.0,0.0,1.0,0.0,3.6857,565,575
98,0.7597331544066269,0.015302446760633671,-0.39022466579082654,-0.34422565654275855,-0.39494796945459143,-0.36420061391922914,-0.39509310276752374,-0.19162574237817356,-0.29896760337809203,0.15468967565212466,0.08456977433714796,-0.29072915482531975,-0.47066889742976514,-0.4981287381152882,-0.20844048609456142,-0.1866460500914469,-0.23289376338537343,0.2787245891246857,1.0524132670829687,0.1905957936881561,-0.22607696941569327,0.0,0.0,0.0,1.0,0.0,0.0,0.0,0.0,0.0,0.0,0.0,0.0,1.0,0.0,0.0,1.0,0.0,0.0,0.0,0.0,0.0,0.0,0.0,0.0,0.0,0.0,0.0,0.0,0.0,0.0,1.0,0.0,0.0,0.0,1.0,0.0,0.0,0.0,1.0,0.0,3.8215,568,578
99,0.7597331544066269,0.015302446760633671,-0.39022466579082654,-0.34422565654275855,-0.39494796945459143,-0.36420061391922914,-0.39509310276752374,-0.19162574237817356,-0.29896760337809203,0.15468967565212466,0.08456977433714796,-0.29072915482531975,-0.47066889742976514,-0.4981287381152882,-0.20844048609456142,-0.1866460500914469,-0.23289376338537343,0.2787245891246857,1.0524132670829687,0.1905957936881561,-0.21564855738952368,0.0,0.0,0.0,1.0,0.0,0.0,0.0,0.0,0.0,0.0,0.0,0.0,1.0,0.0,0.0,1.0,0.0,0.0,0.0,0.0,0.0,0.0,0.0,0.0,0.0,0.0,0.0,0.0,0.0,0.0,1.0,0.0,0.0,0.0,1.0,0.0,0.0,0.0,1.0,0.0,3.8785,570,583
100,0.7597331544066269,0.015302446760633671,-0.39022466579082654,-0.34422565654275855,-0.39494796945459143,-0.36420061391922914,-0.39509310276752374,-0.19162574237817356,-0.29896760337809203,0.15468967565212466,0.08456977433714796,-0.29072915482531975,-0.47066889742976514,-0.4981287381152882,-0.20844048609456142,-0.1866460500914469,-0.23289376338537343,0.2787245891246857,1.0524132670829687,0.1905957936881561,-0.19479173333718447,0.0,0.0,0.0,1.0,0.0,0.0,0.0,0.0,0.0,0.0,0.0,0.0,1.0,0.0,0.0,1.0,0.0,0.0,0.0,0.0,0.0,0.0,0.0,0.0,0.0,0.0,0.0,0.0,0.0,0.0,1.0,0.0,0.0,0.0,1.0,0.0,0.0,0.0,1.0,0.0,4.0901,575,586
101,0.7597331544066269,0.015302446760633671,-0.39022466579082654,-0.34422565654275855,-0.39494796945459143,-0.36420061391922914,-0.39509310276752374,-0.19162574237817356,-0.29896760337809203,0.15468967565212466,0.08456977433714796,-0.29072915482531975,-0.47066889742976514,-0.4981287381152882,-0.4748862203062087,-0.4519590128650311,-0.315422989298358,0.3401541992523705,1.0524132670829687,0.18751593747952394,-0.2361508154329731,0.0,0.0,0.0,1.0,0.0,0.0,0.0,0.0,0.0,0.0,0.0,0.0,1.0,0.0,0.0,1.0,0.0,0.0,0.0,0.0,0.0,0.0,0.0,0.0,0.0,0.0,0.0,1.0,0.0,0.0,0.0,0.0,0.0,0.0,1.0,0.0,0.0,0.0,1.0,0.0,2.34,472,498
102,0.7597331544066269,0.015302446760633671,-0.39022466579082654,-0.34422565654275855,-0.39494796945459143,-0.36420061391922914,-0.39509310276752374,-0.19162574237817356,-0.29896760337809203,0.15468967565212466,0.08456977433714796,-0.29072915482531975,-0.47066889742976514,-0.4981287381152882,-0.4748862203062087,-0.4519590128650311,-0.315422989298358,0.3401541992523705,1.0524132670829687,0.18751593747952394,-0.2354625402392459,0.0,0.0,0.0,1.0,0.0,0.0,0.0,0.0,0.0,0.0,0.0,0.0,1.0,0.0,0.0,1.0,0.0,0.0,0.0,0.0,0.0,0.0,0.0,0.0,0.0,0.0,0.0,1.0,0.0,0.0,0.0,0.0,0.0,0.0,1.0,0.0,0.0,0.0,1.0,0.0,2.7943,519,537
103,0.7597331544066269,0.015302446760633671,-0.39022466579082654,-0.34422565654275855,-0.39494796945459143,-0.36420061391922914,-0.39509310276752374,-0.19162574237817356,-0.29896760337809203,0.15468967565212466,0.08456977433714796,-0.29072915482531975,-0.47066889742976514,-0.4981287381152882,-0.4748862203062087,-0.4519590128650311,-0.315422989298358,0.3401541992523705,1.0524132670829687,0.18751593747952394,-0.23441969903662893,0.0,0.0,0.0,1.0,0.0,0.0,0.0,0.0,0.0,0.0,0.0,0.0,1.0,0.0,0.0,1.0,0.0,0.0,0.0,0.0,0.0,0.0,0.0,0.0,0.0,0.0,0.0,1.0,0.0,0.0,0.0,0.0,0.0,0.0,1.0,0.0,0.0,0.0,1.0,0.0,2.9968,532,547
104,0.7597331544066269,0.015302446760633671,-0.39022466579082654,-0.34422565654275855,-0.39494796945459143,-0.36420061391922914,-0.39509310276752374,-0.19162574237817356,-0.29896760337809203,0.15468967565212466,0.08456977433714796,-0.29072915482531975,-0.47066889742976514,-0.4981287381152882,-0.4748862203062087,-0.4519590128650311,-0.315422989298358,0.3401541992523705,1.0524132670829687,0.18751593747952394,-0.22607696941569327,0.0,0.0,0.0,1.0,0.0,0.0,0.0,0.0,0.0,0.0,0.0,0.0,1.0,0.0,0.0,1.0,0.0,0.0,0.0,0.0,0.0,0.0,0.0,0.0,0.0,0.0,0.0,1.0,0.0,0.0,0.0,0.0,0.0,0.0,1.0,0.0,0.0,0.0,1.0,0.0,3.161,542,555
105,0.7597331544066269,0.015302446760633671,-0.39022466579082654,-0.34422565654275855,-0.39494796945459143,-0.36420061391922914,-0.39509310276752374,-0.19162574237817356,-0.29896760337809203,0.15468967565212466,0.08456977433714796,-0.29072915482531975,-0.47066889742976514,-0.4981287381152882,-0.4748862203062087,-0.4519590128650311,-0.315422989298358,0.3401541992523705,1.0524132670829687,0.18751593747952394,-0.19479173333718447,0.0,0.0,0.0,1.0,0.0,0.0,0.0,0.0,0.0,0.0,0.0,0.0,1.0,0.0,0.0,1.0,0.0,0.0,0.0,0.0,0.0,0.0,0.0,0.0,0.0,0.0,0.0,1.0,0.0,0.0,0.0,0.0,0.0,0.0,1.0,0.0,0.0,0.0,1.0,0.0,3.125,550,566
110,0.7597331544066269,0.015302446760633671,-0.39022466579082654,-0.34422565654275855,-0.39494796945459143,-0.36420061391922914,-0.39509310276752374,-0.19162574237817356,-0.29896760337809203,0.15468967565212466,0.08456977433714796,-0.29072915482531975,-0.47066889742976514,-0.4981287381152882,-0.4748862203062087,-0.4519590128650311,-0.315422989298358,0.8762671603667096,-0.3020874190505117,0.649494368774331,-0.2361508154329731,0.0,0.0,0.0,1.0,0.0,0.0,0.0,0.0,0.0,0.0,0.0,0.0,1.0,0.0,0.0,1.0,0.0,0.0,0.0,0.0,0.0,0.0,0.0,0.0,0.0,0.0,0.0,1.0,0.0,0.0,0.0,0.0,0.0,0.0,1.0,0.0,0.0,1.0,0.0,0.0,2.5094,501,511
111,0.7597331544066269,0.015302446760633671,-0.39022466579082654,-0.34422565654275855,-0.39494796945459143,-0.36420061391922914,-0.39509310276752374,-0.19162574237817356,-0.29896760337809203,0.15468967565212466,0.08456977433714796,-0.29072915482531975,-0.47066889742976514,-0.4981287381152882,-0.4748862203062087,-0.4519590128650311,-0.315422989298358,0.8762671603667096,-0.3020874190505117,0.649494368774331,-0.2354625402392459,0.0,0.0,0.0,1.0,0.0,0.0,0.0,0.0,0.0,0.0,0.0,0.0,1.0,0.0,0.0,1.0,0.0,0.0,0.0,0.0,0.0,0.0,0.0,0.0,0.0,0.0,0.0,1.0,0.0,0.0,0.0,0.0,0.0,0.0,1.0,0.0,0.0,1.0,0.0,0.0,2.9639,532,542
112,0.7597331544066269,0.015302446760633671,-0.39022466579082654,-0.34422565654275855,-0.39494796945459143,-0.36420061391922914,-0.39509310276752374,-0.19162574237817356,-0.29896760337809203,0.15468967565212466,0.08456977433714796,-0.29072915482531975,-0.47066889742976514,-0.4981287381152882,-0.4748862203062087,-0.4519590128650311,-0.315422989298358,0.8762671603667096,-0.3020874190505117,0.649494368774331,-0.23441969903662893,0.0,0.0,0.0,1.0,0.0,0.0,0.0,0.0,0.0,0.0,0.0,0.0,1.0,0.0,0.0,1.0,0.0,0.0,0.0,0.0,0.0,0.0,0.0,0.0,0.0,0.0,0.0,1.0,0.0,0.0,0.0,0.0,0.0,0.0,1.0,0.0,0.0,1.0,0.0,0.0,3.2593,542,558
113,0.7597331544066269,0.015302446760633671,-0.39022466579082654,-0.34422565654275855,-0.39494796945459143,-0.36420061391922914,-0.39509310276752374,-0.19162574237817356,-0.29896760337809203,0.15468967565212466,0.08456977433714796,-0.29072915482531975,-0.47066889742976514,-0.4981287381152882,-0.4748862203062087,-0.4519590128650311,-0.315422989298358,0.8762671603667096,-0.3020874190505117,0.649494368774331,-0.2302483342261611,0.0,0.0,0.0,1.0,0.0,0.0,0.0,0.0,0.0,0.0,0.0,0.0,1.0,0.0,0.0,1.0,0.0,0.0,0.0,0.0,0.0,0.0,0.0,0.0,0.0,0.0,0.0,1.0,0.0,0.0,0.0,0.0,0.0,0.0,1.0,0.0,0.0,1.0,0.0,0.0,3.6297,555,573
114,0.7597331544066269,0.015302446760633671,-0.39022466579082654,-0.34422565654275855,-0.39494796945459143,-0.36420061391922914,-0.39509310276752374,-0.19162574237817356,-0.29896760337809203,0.15468967565212466,0.08456977433714796,-0.29072915482531975,-0.47066889742976514,-0.4981287381152882,-0.4748862203062087,-0.4519590128650311,-0.315422989298358,0.8762671603667096,-0.3020874190505117,0.649494368774331,-0.22607696941569327,0.0,0.0,0.0,1.0,0.0,0.0,0.0,0.0,0.0,0.0,0.0,0.0,1.0,0.0,0.0,1.0,0.0,0.0,0.0,0.0,0.0,0.0,0.0,0.0,0.0,0.0,0.0,1.0,0.0,0.0,0.0,0.0,0.0,0.0,1.0,0.0,0.0,1.0,0.0,0.0,3.7911,558,578
115,0.7597331544066269,0.015302446760633671,-0.39022466579082654,-0.34422565654275855,-0.39494796945459143,-0.36420061391922914,-0.39509310276752374,-0.19162574237817356,-0.29896760337809203,0.15468967565212466,0.08456977433714796,-0.29072915482531975,-0.47066889742976514,-0.4981287381152882,-0.4748862203062087,-0.4519590128650311,-0.315422989298358,0.8762671603667096,-0.3020874190505117,0.649494368774331,-0.21564855738952368,0.0,0.0,0.0,1.0,0.0,0.0,0.0,0.0,0.0,0.0,0.0,0.0,1.0,0.0,0.0,1.0,0.0,0.0,0.0,0.0,0.0,0.0,0.0,0.0,0.0,0.0,0.0,1.0,0.0,0.0,0.0,0.0,0.0,0.0,1.0,0.0,0.0,1.0,0.0,0.0,3.9063,560,581
116,0.7597331544066269,0.015302446760633671,-0.39022466579082654,-0.34422565654275855,-0.39494796945459143,-0.36420061391922914,-0.39509310276752374,-0.19162574237817356,-0.29896760337809203,0.15468967565212466,0.08456977433714796,-0.29072915482531975,-0.47066889742976514,-0.4981287381152882,-0.4748862203062087,-0.4519590128650311,-0.315422989298358,0.8762671603667096,-0.3020874190505117,0.649494368774331,-0.19479173333718447,0.0,0.0,0.0,1.0,0.0,0.0,0.0,0.0,0.0,0.0,0.0,0.0,1.0,0.0,0.0,1.0,0.0,0.0,0.0,0.0,0.0,0.0,0.0,0.0,0.0,0.0,0.0,1.0,0.0,0.0,0.0,0.0,0.0,0.0,1.0,0.0,0.0,1.0,0.0,0.0,4.0278,563,584
117,1.0577676190020178,1.5721600737120707,-0.22254745258935665,-0.1611586237018555,-0.2890548978517495,0.3196827298281239,0.30645317533911065,-0.1292879725794877,-0.7785327752064837,-0.2657355932371274,-0.2939351823925858,-0.24253676799401294,1.4858806520302759,1.4428335460532906,0.9262508302895226,2.1036914112958516,-0.27894507144481884,-0.3467405321753767,-0.3020874190505117,0.0027245649616012193,-0.23623424272918245,0.0,0.0,0.0,1.0,0.0,0.0,0.0,0.0,1.0,0.0,0.0,0.0,0.0,0.0,0.0,0.0,0.0,0.0,0.0,0.0,0.0,1.0,0.0,0.0,0.0,0.0,0.0,0.0,0.0,1.0,0.0,0.0,0.0,0.0,0.0,0.0,1.0,1.0,0.0,0.0,1.7,409,440
123,0.6603883328748299,0.9494170229314958,-0.5061192102094895,-0.47202717003546446,-0.42142123735530185,-0.5498178064545582,-0.5641519999818481,-0.19785951935804216,-0.29896760337809203,0.07824871767226066,0.011646801022245124,0.17513058454397945,-0.47066889742976514,-0.4981287381152882,-0.2451916218478921,-0.22309479577599678,-0.2947906828201119,-0.1283861907215156,-0.3020874190505117,-0.23596429120738244,-0.23633226980222843,0.0,0.0,0.0,1.0,0.0,0.0,0.0,0.0,0.0,0.0,0.0,0.0,1.0,0.0,0.0,1.0,0.0,0.0,0.0,0.0,0.0,0.0,0.0,0.0,0.0,0.0,0.0,0.0,0.0,0.0,1.0,0.0,0.0,0.0,1.0,0.0,0.0,1.0,0.0,0.0,2.28,508,523
124,0.6603883328748299,0.9494170229314958,-0.5061192102094895,-0.47202717003546446,-0.42142123735530185,-0.5498178064545582,-0.5641519999818481,-0.19785951935804216,-0.29896760337809203,0.07824871767226066,0.011646801022245124,0.17513058454397945,-0.47066889742976514,-0.4981287381152882,-0.2451916218478921,-0.22309479577599678,-0.2947906828201119,-0.1283861907215156,-0.3020874190505117,-0.23596429120738244,-0.23615915816259403,0.0,0.0,0.0,1.0,0.0,0.0,0.0,0.0,0.0,0.0,0.0,0.0,1.0,0.0,0.0,1.0,0.0,0.0,0.0,0.0,0.0,0.0,0.0,0.0,0.0,0.0,0.0,0.0,0.0,0.0,1.0,0.0,0.0,0.0,1.0,0.0,0.0,1.0,0.0,0.0,2.72,None,563
125,0.6603883328748299,0.9494170229314958,-0.5061192102094895,-0.47202717003546446,-0.42142123735530185,-0.5498178064545582,-0.5641519999818481,-0.19785951935804216,-0.29896760337809203,0.07824871767226066,0.011646801022245124,0.17513058454397945,-0.47066889742976514,-0.4981287381152882,-0.2451916218478921,-0.22309479577599678,-0.2947906828201119,-0.1283861907215156,-0.3020874190505117,-0.23596429120738244,-0.23598396084055437,0.0,0.0,0.0,1.0,0.0,0.0,0.0,0.0,0.0,0.0,0.0,0.0,1.0,0.0,0.0,1.0,0.0,0.0,0.0,0.0,0.0,0.0,0.0,0.0,0.0,0.0,0.0,0.0,0.0,0.0,1.0,0.0,0.0,0.0,1.0,0.0,0.0,1.0,0.0,0.0,2.85,None,577
126,0.6603883328748299,0.9494170229314958,-0.5061192102094895,-0.47202717003546446,-0.42142123735530185,-0.5498178064545582,-0.5641519999818481,-0.19785951935804216,-0.29896760337809203,0.07824871767226066,0.011646801022245124,0.17513058454397945,-0.47066889742976514,-0.4981287381152882,-0.2451916218478921,-0.22309479577599678,-0.2947906828201119,-0.1283861907215156,-0.3020874190505117,-0.23596429120738244,-0.23441969903662893,0.0,0.0,0.0,1.0,0.0,0.0,0.0,0.0,0.0,0.0,0.0,0.0,1.0,0.0,0.0,1.0,0.0,0.0,0.0,0.0,0.0,0.0,0.0,0.0,0.0,0.0,0.0,0.0,0.0,0.0,1.0,0.0,0.0,0.0,1.0,0.0,0.0,1.0,0.0,0.0,3.28,585,604
127,0.6603883328748299,0.9494170229314958,-0.5061192102094895,-0.47202717003546446,-0.42142123735530185,-0.5498178064545582,-0.5641519999818481,-0.19785951935804216,-0.29896760337809203,0.07824871767226066,0.011646801022245124,0.17513058454397945,-0.47066889742976514,-0.4981287381152882,-0.2451916218478921,-0.22309479577599678,-0.2947906828201119,-0.1283861907215156,-0.3020874190505117,-0.23596429120738244,-0.2302483342261611,0.0,0.0,0.0,1.0,0.0,0.0,0.0,0.0,0.0,0.0,0.0,0.0,1.0,0.0,0.0,1.0,0.0,0.0,0.0,0.0,0.0,0.0,0.0,0.0,0.0,0.0,0.0,0.0,0.0,0.0,1.0,0.0,0.0,0.0,1.0,0.0,0.0,1.0,0.0,0.0,3.33,None,610
128,0.6603883328748299,0.9494170229314958,-0.5061192102094895,-0.47202717003546446,-0.42142123735530185,-0.5498178064545582,-0.5641519999818481,-0.19785951935804216,-0.29896760337809203,0.07824871767226066,0.011646801022245124,0.17513058454397945,-0.47066889742976514,-0.4981287381152882,-0.2451916218478921,-0.22309479577599678,-0.2947906828201119,-0.1283861907215156,-0.3020874190505117,-0.23596429120738244,-0.2198199221999915,0.0,0.0,0.0,1.0,0.0,0.0,0.0,0.0,0.0,0.0,0.0,0.0,1.0,0.0,0.0,1.0,0.0,0.0,0.0,0.0,0.0,0.0,0.0,0.0,0.0,0.0,0.0,0.0,0.0,0.0,1.0,0.0,0.0,0.0,1.0,0.0,0.0,1.0,0.0,0.0,3.62,None,625
129,0.06431940368404808,0.015302446760633671,0.7194039509836064,0.8647075791990542,-0.3507376120604049,-0.01616837791548718,-0.01451571006915342,-0.19661276396206845,1.6708942964242095,1.874611230199065,1.7432780403729542,-0.10984706291848151,-0.47066889742976514,-0.4981287381152882,-0.3600389210770504,-0.33752690432051397,0.21441464106300281,4.98088201889837,-0.3020874190505117,4.682052764609891,-0.23337685783401196,0.0,0.0,0.0,1.0,0.0,0.0,0.0,0.0,0.0,0.0,0.0,0.0,1.0,0.0,0.0,1.0,0.0,0.0,0.0,0.0,0.0,0.0,0.0,0.0,0.0,0.0,0.0,0.0,0.0,0.0,1.0,0.0,0.0,0.0,1.0,0.0,0.0,1.0,0.0,0.0,2.5,524,544
130,0.26300904674764203,0.32667397215092103,0.7194039509836064,0.8647075791990542,-0.3507376120604049,-0.01616837791548718,-0.01451571006915342,-0.19661276396206845,1.6708942964242095,1.874611230199065,1.7432780403729542,-0.10984706291848151,-0.47066889742976514,-0.4981287381152882,-0.3600389210770504,-0.33752690432051397,0.21441464106300281,4.98088201889837,-0.3020874190505117,4.682052764609891,-0.23337685783401196,0.0,0.0,0.0,1.0,0.0,0.0,0.0,0.0,0.0,0.0,0.0,0.0,1.0,0.0,0.0,1.0,0.0,0.0,0.0,0.0,0.0,0.0,0.0,0.0,0.0,0.0,0.0,0.0,0.0,0.0,1.0,0.0,0.0,0.0,1.0,0.0,0.0,1.0,0.0,0.0,3.0,555,577
131,0.461698689811236,0.6380454975412084,0.7194039509836064,0.8647075791990542,-0.3507376120604049,-0.01616837791548718,-0.01451571006915342,-0.19661276396206845,1.6708942964242095,1.874611230199065,1.7432780403729542,-0.10984706291848151,-0.47066889742976514,-0.4981287381152882,-0.3600389210770504,-0.33752690432051397,0.21441464106300281,4.98088201889837,-0.3020874190505117,4.682052764609891,-0.23337685783401196,0.0,0.0,0.0,1.0,0.0,0.0,0.0,0.0,0.0,0.0,0.0,0.0,1.0,0.0,0.0,1.0,0.0,0.0,0.0,0.0,0.0,0.0,0.0,0.0,0.0,0.0,0.0,0.0,0.0,0.0,1.0,0.0,0.0,0.0,1.0,0.0,0.0,1.0,0.0,0.0,4.0,592,610
132,0.6603883328748299,0.9494170229314958,0.7194039509836064,0.8647075791990542,-0.3507376120604049,-0.01616837791548718,-0.01451571006915342,-0.19661276396206845,1.6708942964242095,1.874611230199065,1.7432780403729542,-0.10984706291848151,-0.47066889742976514,-0.4981287381152882,-0.3600389210770504,-0.33752690432051397,0.21441464106300281,4.98088201889837,-0.3020874190505117,4.682052764609891,-0.23337685783401196,0.0,0.0,0.0,1.0,0.0,0.0,0.0,0.0,0.0,0.0,0.0,0.0,1.0,0.0,0.0,1.0,0.0,0.0,0.0,0.0,0.0,0.0,0.0,0.0,0.0,0.0,0.0,0.0,0.0,0.0,1.0,0.0,0.0,0.0,1.0,0.0,0.0,1.0,0.0,0.0,4.5,603,625
133,0.9584227974702209,0.9494170229314958,-0.5061192102094895,-0.47202717003546446,-0.4036841478618259,-0.13797966051679691,-0.15207380381555236,-0.10030090962309879,-1.162184912669197,-0.42965898090505794,-0.4791363844621803,-0.033703091725016746,1.3004975822189369,1.7366941015129806,-0.4202189058731293,-0.3519368735446384,0.15086713711000474,-0.5734716386466494,-0.3020874190505117,-0.5560280815021059,-0.23633226980222843,0.0,0.0,0.0,1.0,0.0,0.0,0.0,0.0,0.0,0.0,0.0,0.0,0.0,1.0,0.0,0.0,0.0,0.0,1.0,0.0,0.0,0.0,0.0,0.0,0.0,0.0,0.0,0.0,0.0,1.0,0.0,0.0,0.0,0.0,0.0,0.0,1.0,1.0,0.0,0.0,2.28,495,509
134,0.9584227974702209,0.9494170229314958,-0.5061192102094895,-0.47202717003546446,-0.4036841478618259,-0.13797966051679691,-0.15207380381555236,-0.10030090962309879,-1.162184912669197,-0.42965898090505794,-0.4791363844621803,-0.033703091725016746,1.3004975822189369,1.7366941015129806,-0.4202189058731293,-0.3519368735446384,0.15086713711000474,-0.5734716386466494,-0.3020874190505117,-0.5560280815021059,-0.23570656508065826,0.0,0.0,0.0,1.0,0.0,0.0,0.0,0.0,0.0,0.0,0.0,0.0,0.0,1.0,0.0,0.0,0.0,0.0,1.0,0.0,0.0,0.0,0.0,0.0,0.0,0.0,0.0,0.0,0.0,1.0,0.0,0.0,0.0,0.0,0.0,0.0,1.0,1.0,0.0,0.0,3.02,551,563
135,0.9584227974702209,0.9494170229314958,-0.5061192102094895,-0.47202717003546446,-0.4036841478618259,-0.13797966051679691,-0.15207380381555236,-0.10030090962309879,-1.162184912669197,-0.42965898090505794,-0.4791363844621803,-0.033703091725016746,1.3004975822189369,1.7366941015129806,-0.4202189058731293,-0.3519368735446384,0.15086713711000474,-0.5734716386466494,-0.3020874190505117,-0.5560280815021059,-0.23494111963793743,0.0,0.0,0.0,1.0,0.0,0.0,0.0,0.0,0.0,0.0,0.0,0.0,0.0,1.0,0.0,0.0,0.0,0.0,1.0,0.0,0.0,0.0,0.0,0.0,0.0,0.0,0.0,0.0,0.0,1.0,0.0,0.0,0.0,0.0,0.0,0.0,1.0,1.0,0.0,0.0,3.66,579,591
136,0.9584227974702209,0.9494170229314958,-0.5061192102094895,-0.47202717003546446,-0.4036841478618259,-0.13797966051679691,-0.15207380381555236,-0.10030090962309879,-1.162184912669197,-0.42965898090505794,-0.4791363844621803,-0.033703091725016746,1.3004975822189369,1.7366941015129806,-0.4202189058731293,-0.3519368735446384,0.15086713711000474,-0.5734716386466494,-0.3020874190505117,-0.5560280815021059,-0.23129117542877806,0.0,0.0,0.0,1.0,0.0,0.0,0.0,0.0,0.0,0.0,0.0,0.0,0.0,1.0,0.0,0.0,0.0,0.0,1.0,0.0,0.0,0.0,0.0,0.0,0.0,0.0,0.0,0.0,0.0,1.0,0.0,0.0,0.0,0.0,0.0,0.0,1.0,1.0,0.0,0.0,4.86,607,617
137,0.9584227974702209,0.9494170229314958,-0.5061192102094895,-0.47202717003546446,-0.4036841478618259,-0.13797966051679691,-0.15207380381555236,-0.10030090962309879,-1.162184912669197,-0.42965898090505794,-0.4791363844621803,-0.033703091725016746,1.3004975822189369,1.7366941015129806,-0.4202189058731293,-0.3519368735446384,0.15086713711000474,-0.5734716386466494,-0.3020874190505117,-0.5560280815021059,-0.22364297804878527,0.0,0.0,0.0,1.0,0.0,0.0,0.0,0.0,0.0,0.0,0.0,0.0,0.0,1.0,0.0,0.0,0.0,0.0,1.0,0.0,0.0,0.0,0.0,0.0,0.0,0.0,0.0,0.0,0.0,1.0,0.0,0.0,0.0,0.0,0.0,0.0,1.0,1.0,0.0,0.0,5.11,611,623
138,0.9584227974702209,0.9494170229314958,-0.5061192102094895,-0.47202717003546446,-0.4036841478618259,-0.13797966051679691,-0.15207380381555236,-0.10030090962309879,-1.162184912669197,-0.42965898090505794,-0.4791363844621803,-0.033703091725016746,1.3004975822189369,1.7366941015129806,-0.4202189058731293,-0.3519368735446384,0.15086713711000474,-0.5734716386466494,-0.3020874190505117,-0.5560280815021059,-0.2153002484278496,0.0,0.0,0.0,1.0,0.0,0.0,0.0,0.0,0.0,0.0,0.0,0.0,0.0,1.0,0.0,0.0,0.0,0.0,1.0,0.0,0.0,0.0,0.0,0.0,0.0,0.0,0.0,0.0,0.0,1.0,0.0,0.0,0.0,0.0,0.0,0.0,1.0,1.0,0.0,0.0,5.16,615,627
139,0.7597331544066269,1.1051027856266395,-0.45926822416790236,-0.42021574564652964,-0.36609210744281695,-0.4813714667071557,-0.49596903818154964,-0.18483092547011684,-0.29896760337809203,-0.37237072961903767,-0.4241547775977695,0.02364584860423838,1.3009867196063019,1.2593640862249456,-0.4059778407687137,-0.3832997477383209,-0.1456328618533778,-0.4659139758230851,-0.3020874190505117,-0.4490492760952717,-0.17393490928484528,0.0,0.0,0.0,1.0,0.0,0.0,0.0,0.0,0.0,0.0,0.0,0.0,0.0,1.0,0.0,0.0,0.0,0.0,0.0,0.0,0.0,1.0,0.0,0.0,0.0,0.0,0.0,0.0,0.0,0.0,1.0,0.0,0.0,0.0,0.0,0.0,1.0,1.0,0.0,0.0,9.08,None,644
140,0.7597331544066269,0.7937312602363521,-0.3803613003083871,-0.3338633716649716,-0.3846233949733143,0.09114156151899987,0.07718968576177916,-0.15939711539225299,-0.9384198034940695,-0.23643322601151287,-0.2939351823925858,-0.033703091725016746,4.25361564469645,4.18851879345867,-0.27964581161663954,-0.257000605715113,0.043414084971298846,-0.14206824024995454,-0.3020874190505117,0.20985002808578743,-0.23441969903662893,0.0,0.0,0.0,1.0,0.0,0.0,0.0,0.0,0.0,0.0,0.0,0.0,0.0,1.0,0.0,0.0,0.0,0.0,0.0,0.0,0.0,1.0,0.0,0.0,0.0,0.0,0.0,0.0,0.0,0.0,1.0,0.0,0.0,0.0,0.0,0.0,1.0,1.0,0.0,0.0,1.76,571,581
141,0.7597331544066269,0.7937312602363521,-0.3803613003083871,-0.3338633716649716,-0.3846233949733143,0.09114156151899987,0.07718968576177916,-0.15939711539225299,-0.9384198034940695,-0.23643322601151287,-0.2939351823925858,-0.033703091725016746,4.25361564469645,4.18851879345867,-0.27964581161663954,-0.257000605715113,0.043414084971298846,-0.14206824024995454,-0.3020874190505117,0.20985002808578743,-0.21564855738952368,0.0,0.0,0.0,1.0,0.0,0.0,0.0,0.0,0.0,0.0,0.0,0.0,0.0,1.0,0.0,0.0,0.0,0.0,0.0,0.0,0.0,1.0,0.0,0.0,0.0,0.0,0.0,0.0,0.0,0.0,1.0,0.0,0.0,0.0,0.0,0.0,1.0,1.0,0.0,0.0,1.99,582,592
142,-0.4324047039749368,-0.7631263667150848,-0.41488307949692504,-0.3718584162168571,-0.38118187014622196,-0.5382167319211002,-0.5528263835967279,-0.1990439369842172,1.7106388307220421,-0.2232683943594252,-0.2823601072632362,-0.136995440833451,-0.47066889742976514,-0.4981287381152882,-0.4666172147617093,-0.43670139839242883,0.0697133982955699,0.10002026875323933,-0.3020874190505117,-0.06862543720504123,-0.23581710624813568,0.0,0.0,0.0,1.0,0.0,0.0,0.0,0.0,0.0,0.0,0.0,0.0,0.0,1.0,0.0,1.0,0.0,0.0,0.0,0.0,0.0,0.0,0.0,0.0,0.0,0.0,0.0,0.0,0.0,1.0,0.0,0.0,0.0,1.0,0.0,0.0,0.0,1.0,0.0,0.0,1.97,465,480
143,-0.4324047039749368,-0.7631263667150848,-0.41488307949692504,-0.3718584162168571,-0.38118187014622196,-0.5382167319211002,-0.5528263835967279,-0.1990439369842172,1.7106388307220421,-0.2232683943594252,-0.2823601072632362,-0.136995440833451,-0.47066889742976514,-0.4981287381152882,-0.4666172147617093,-0.43670139839242883,0.0697133982955699,0.10002026875323933,-0.3020874190505117,-0.06862543720504123,-0.2351288310544085,0.0,0.0,0.0,1.0,0.0,0.0,0.0,0.0,0.0,0.0,0.0,0.0,0.0,1.0,0.0,1.0,0.0,0.0,0.0,0.0,0.0,0.0,0.0,0.0,0.0,0.0,0.0,0.0,0.0,1.0,0.0,0.0,0.0,1.0,0.0,0.0,0.0,1.0,0.0,0.0,2.17,495,520
144,-0.4324047039749368,-0.7631263667150848,-0.41488307949692504,-0.3718584162168571,-0.38118187014622196,-0.5382167319211002,-0.5528263835967279,-0.1990439369842172,1.7106388307220421,-0.2232683943594252,-0.2823601072632362,-0.136995440833451,-0.47066889742976514,-0.4981287381152882,-0.4666172147617093,-0.43670139839242883,0.0697133982955699,0.10002026875323933,-0.3020874190505117,-0.06862543720504123,-0.21564855738952368,0.0,0.0,0.0,1.0,0.0,0.0,0.0,0.0,0.0,0.0,0.0,0.0,0.0,1.0,0.0,1.0,0.0,0.0,0.0,0.0,0.0,0.0,0.0,0.0,0.0,0.0,0.0,0.0,0.0,1.0,0.0,0.0,0.0,1.0,0.0,0.0,0.0,1.0,0.0,0.0,2.84,555,570
145,0.4120262790453375,0.5602026161936365,-0.41488307949692504,-0.3718584162168571,-0.38118187014622196,-0.5382167319211002,-0.5528263835967279,-0.1990439369842172,1.7106388307220421,-0.2232683943594252,-0.2823601072632362,-0.136995440833451,-0.47066889742976514,-0.4981287381152882,-0.4666172147617093,-0.43670139839242883,0.0697133982955699,0.10002026875323933,-0.3020874190505117,-0.06862543720504123,-0.23581710624813568,0.0,0.0,0.0,1.0,0.0,0.0,0.0,0.0,0.0,0.0,0.0,0.0,0.0,1.0,0.0,1.0,0.0,0.0,0.0,0.0,0.0,0.0,0.0,0.0,0.0,0.0,0.0,0.0,0.0,1.0,0.0,0.0,0.0,1.0,0.0,0.0,0.0,1.0,0.0,0.0,2.57,525,540
146,0.4120262790453375,0.5602026161936365,-0.41488307949692504,-0.3718584162168571,-0.38118187014622196,-0.5382167319211002,-0.5528263835967279,-0.1990439369842172,1.7106388307220421,-0.2232683943594252,-0.2823601072632362,-0.136995440833451,-0.47066889742976514,-0.4981287381152882,-0.4666172147617093,-0.43670139839242883,0.0697133982955699,0.10002026875323933,-0.3020874190505117,-0.06862543720504123,-0.2351288310544085,0.0,0.0,0.0,1.0,0.0,0.0,0.0,0.0,0.0,0.0,0.0,0.0,0.0,1.0,0.0,1.0,0.0,0.0,0.0,0.0,0.0,0.0,0.0,0.0,0.0,0.0,0.0,0.0,0.0,1.0,0.0,0.0,0.0,1.0,0.0,0.0,0.0,1.0,0.0,0.0,3.25,565,575
147,0.4120262790453375,0.5602026161936365,-0.41488307949692504,-0.3718584162168571,-0.38118187014622196,-0.5382167319211002,-0.5528263835967279,-0.1990439369842172,1.7106388307220421,-0.2232683943594252,-0.2823601072632362,-0.136995440833451,-0.47066889742976514,-0.4981287381152882,-0.4666172147617093,-0.43670139839242883,0.0697133982955699,0.10002026875323933,-0.3020874190505117,-0.06862543720504123,-0.21564855738952368,0.0,0.0,0.0,1.0,0.0,0.0,0.0,0.0,0.0,0.0,0.0,0.0,0.0,1.0,0.0,1.0,0.0,0.0,0.0,0.0,0.0,0.0,0.0,0.0,0.0,0.0,0.0,0.0,0.0,1.0,0.0,0.0,0.0,1.0,0.0,0.0,0.0,1.0,0.0,0.0,4.5,608,615
148,-0.13437023937954587,-0.2960690786296537,-0.41488307949692504,-0.3718584162168571,-0.37761627834911293,-0.5672194182547453,-0.5807965293251623,-0.20133517542747725,4.4966841149058245,-0.2232683943594252,-0.2823601072632362,-0.136995440833451,-0.47066889742976514,-0.4981287381152882,-0.4666172147617093,-0.43670139839242883,0.0697133982955699,0.10002026875323933,-0.3020874190505117,-0.1101521650847633,-0.23581710624813568,0.0,0.0,0.0,1.0,0.0,0.0,0.0,0.0,0.0,0.0,0.0,0.0,0.0,1.0,0.0,1.0,0.0,0.0,0.0,0.0,0.0,0.0,0.0,0.0,0.0,0.0,0.0,0.0,0.0,1.0,0.0,0.0,0.0,1.0,0.0,0.0,0.0,1.0,0.0,0.0,2.02,465,480
149,-0.13437023937954587,-0.2960690786296537,-0.41488307949692504,-0.3718584162168571,-0.37761627834911293,-0.5672194182547453,-0.5807965293251623,-0.20133517542747725,4.4966841149058245,-0.2232683943594252,-0.2823601072632362,-0.136995440833451,-0.47066889742976514,-0.4981287381152882,-0.4666172147617093,-0.43670139839242883,0.0697133982955699,0.10002026875323933,-0.3020874190505117,-0.1101521650847633,-0.2351288310544085,0.0,0.0,0.0,1.0,0.0,0.0,0.0,0.0,0.0,0.0,0.0,0.0,0.0,1.0,0.0,1.0,0.0,0.0,0.0,0.0,0.0,0.0,0.0,0.0,0.0,0.0,0.0,0.0,0.0,1.0,0.0,0.0,0.0,1.0,0.0,0.0,0.0,1.0,0.0,0.0,2.32,508,518
150,-0.13437023937954587,-0.2960690786296537,-0.41488307949692504,-0.3718584162168571,-0.37761627834911293,-0.5672194182547453,-0.5807965293251623,-0.20133517542747725,4.4966841149058245,-0.2232683943594252,-0.2823601072632362,-0.136995440833451,-0.47066889742976514,-0.4981287381152882,-0.4666172147617093,-0.43670139839242883,0.0697133982955699,0.10002026875323933,-0.3020874190505117,-0.1101521650847633,-0.21564855738952368,0.0,0.0,0.0,1.0,0.0,0.0,0.0,0.0,0.0,0.0,0.0,0.0,0.0,1.0,0.0,1.0,0.0,0.0,0.0,0.0,0.0,0.0,0.0,0.0,0.0,0.0,0.0,0.0,0.0,1.0,0.0,0.0,0.0,1.0,0.0,0.0,0.0,1.0,0.0,0.0,3.31,570,580
151,-0.13437023937954587,-0.2960690786296537,-0.41488307949692504,-0.3718584162168571,-0.3777356674926915,-0.42220598658651953,-0.4317752610998968,-0.18757268583286665,-0.29896760337809203,-0.2232683943594252,-0.2823601072632362,-0.136995440833451,-0.47066889742976514,-0.4981287381152882,-0.4666172147617093,-0.43670139839242883,0.0697133982955699,0.10002026875323933,-0.3020874190505117,-0.10886889166450002,-0.23581710624813568,0.0,0.0,0.0,1.0,0.0,0.0,0.0,0.0,0.0,0.0,0.0,0.0,0.0,1.0,0.0,1.0,0.0,0.0,0.0,0.0,0.0,0.0,0.0,0.0,0.0,0.0,0.0,0.0,0.0,1.0,0.0,0.0,0.0,1.0,0.0,0.0,0.0,1.0,0.0,0.0,2.61,528,550
152,-0.13437023937954587,-0.2960690786296537,-0.41488307949692504,-0.3718584162168571,-0.3777356674926915,-0.42220598658651953,-0.4317752610998968,-0.18757268583286665,-0.29896760337809203,-0.2232683943594252,-0.2823601072632362,-0.136995440833451,-0.47066889742976514,-0.4981287381152882,-0.4666172147617093,-0.43670139839242883,0.0697133982955699,0.10002026875323933,-0.3020874190505117,-0.10886889166450002,-0.2351288310544085,0.0,0.0,0.0,1.0,0.0,0.0,0.0,0.0,0.0,0.0,0.0,0.0,0.0,1.0,0.0,1.0,0.0,0.0,0.0,0.0,0.0,0.0,0.0,0.0,0.0,0.0,0.0,0.0,0.0,1.0,0.0,0.0,0.0,1.0,0.0,0.0,0.0,1.0,0.0,0.0,2.76,540,560
153,-0.13437023937954587,-0.2960690786296537,-0.41488307949692504,-0.3718584162168571,-0.3777356674926915,-0.42220598658651953,-0.4317752610998968,-0.18757268583286665,-0.29896760337809203,-0.2232683943594252,-0.2823601072632362,-0.136995440833451,-0.47066889742976514,-0.4981287381152882,-0.4666172147617093,-0.43670139839242883,0.0697133982955699,0.10002026875323933,-0.3020874190505117,-0.10886889166450002,-0.21564855738952368,0.0,0.0,0.0,1.0,0.0,0.0,0.0,0.0,0.0,0.0,0.0,0.0,0.0,1.0,0.0,1.0,0.0,0.0,0.0,0.0,0.0,0.0,0.0,0.0,0.0,0.0,0.0,0.0,0.0,1.0,0.0,0.0,0.0,1.0,0.0,0.0,0.0,1.0,0.0,0.0,3.66,578,610
154,0.01464699291814959,-0.06254043458693817,-0.5061192102094895,-0.47202717003546446,-0.4304221484415435,-0.24818986858464856,-0.26257880579182613,-0.17279973589897044,-1.1316845677409113,-0.1935413551450336,-0.2511074044139921,-0.36751569117653526,-0.47066889742976514,-0.4981287381152882,-0.36463281304621675,-0.4368709274421244,2.030607805988083,0.09443575874163164,-0.3020874190505117,-0.08797720038261263,-0.2354625402392459,0.0,0.0,0.0,1.0,0.0,0.0,0.0,0.0,0.0,0.0,0.0,0.0,1.0,0.0,0.0,1.0,0.0,0.0,0.0,0.0,0.0,0.0,0.0,0.0,0.0,0.0,0.0,0.0,0.0,0.0,1.0,0.0,0.0,0.0,1.0,0.0,0.0,1.0,0.0,0.0,2.5,474,617
155,0.561043511343033,0.32667397215092103,-0.39022466579082654,-0.34526188503053723,-0.3356478493569999,-0.38160222571941627,-0.39509310276752374,-0.17753740640367055,-0.3051060375774954,0.371272389928406,0.2940786341783768,-0.3292830642903652,0.09673047191364668,0.005685871528912201,0.0005815985025066789,0.021874681034117664,-0.26915160330314464,-0.3634940622101998,-0.3020874190505117,-0.2982287175585604,-0.23581710624813568,0.0,0.0,0.0,1.0,0.0,0.0,0.0,0.0,0.0,0.0,0.0,0.0,1.0,0.0,0.0,0.0,0.0,0.0,0.0,0.0,0.0,0.0,1.0,0.0,0.0,0.0,0.0,0.0,0.0,0.0,1.0,0.0,0.0,0.0,1.0,0.0,0.0,1.0,0.0,0.0,2.85,534,577
156,0.561043511343033,0.32667397215092103,-0.39022466579082654,-0.34526188503053723,-0.3356478493569999,-0.38160222571941627,-0.39509310276752374,-0.17753740640367055,-0.3051060375774954,0.371272389928406,0.2940786341783768,-0.3292830642903652,0.09673047191364668,0.005685871528912201,0.0005815985025066789,0.021874681034117664,-0.26915160330314464,-0.3634940622101998,-0.3020874190505117,-0.2982287175585604,-0.2354625402392459,0.0,0.0,0.0,1.0,0.0,0.0,0.0,0.0,0.0,0.0,0.0,0.0,1.0,0.0,0.0,0.0,0.0,0.0,0.0,0.0,0.0,0.0,1.0,0.0,0.0,0.0,0.0,0.0,0.0,0.0,1.0,0.0,0.0,0.0,1.0,0.0,0.0,1.0,0.0,0.0,3.12,561,586
157,0.561043511343033,0.32667397215092103,-0.39022466579082654,-0.34526188503053723,-0.3356478493569999,-0.38160222571941627,-0.39509310276752374,-0.17753740640367055,-0.3051060375774954,0.371272389928406,0.2940786341783768,-0.3292830642903652,0.09673047191364668,0.005685871528912201,0.0005815985025066789,0.021874681034117664,-0.26915160330314464,-0.3634940622101998,-0.3020874190505117,-0.2982287175585604,-0.23441969903662893,0.0,0.0,0.0,1.0,0.0,0.0,0.0,0.0,0.0,0.0,0.0,0.0,1.0,0.0,0.0,0.0,0.0,0.0,0.0,0.0,0.0,0.0,1.0,0.0,0.0,0.0,0.0,0.0,0.0,0.0,1.0,0.0,0.0,0.0,1.0,0.0,0.0,1.0,0.0,0.0,3.46,570,594
158,0.561043511343033,0.32667397215092103,-0.39022466579082654,-0.34526188503053723,-0.3356478493569999,-0.38160222571941627,-0.39509310276752374,-0.17753740640367055,-0.3051060375774954,0.371272389928406,0.2940786341783768,-0.3292830642903652,0.09673047191364668,0.005685871528912201,0.0005815985025066789,0.021874681034117664,-0.26915160330314464,-0.3634940622101998,-0.3020874190505117,-0.2982287175585604,-0.23233401663139502,0.0,0.0,0.0,1.0,0.0,0.0,0.0,0.0,0.0,0.0,0.0,0.0,1.0,0.0,0.0,0.0,0.0,0.0,0.0,0.0,0.0,0.0,1.0,0.0,0.0,0.0,0.0,0.0,0.0,0.0,1.0,0.0,0.0,0.0,1.0,0.0,0.0,1.0,0.0,0.0,3.79,579,595
165,-1.5251977408247035,-2.475669756361665,0.6947455372775079,0.14970992263175345,4.582026395878978,0.5522842742239581,0.5357166649164422,-0.02113194197876775,-0.52915888585572,-0.4780715876256385,-0.525436684979579,-0.4353063153192402,-0.47066889742976514,-0.4981287381152882,0.17285254734624414,0.19225137597817651,-0.13446390661315386,-0.4025856322914537,-0.3020874190505117,-0.4270180380161904,4.268568613863401,0.0,1.0,0.0,0.0,0.0,0.0,1.0,0.0,0.0,0.0,0.0,0.0,0.0,0.0,0.0,1.0,0.0,0.0,0.0,0.0,0.0,0.0,0.0,0.0,0.0,0.0,0.0,0.0,0.0,0.0,1.0,0.0,0.0,0.0,0.0,0.0,1.0,1.0,0.0,0.0,1.74,422,510
166,-1.5251977408247035,-2.475669756361665,0.6947455372775079,0.14970992263175345,4.582026395878978,0.5522842742239581,0.5357166649164422,-0.08689828911638132,-0.52915888585572,1.5518605187285281,1.4307510118805131,-0.2547455059912773,-0.47066889742976514,-0.4981287381152882,0.17285254734624414,0.19225137597817651,-0.13446390661315386,-0.4025856322914537,-0.3020874190505117,-0.18165616006183735,4.268568613863401,0.0,1.0,0.0,0.0,0.0,0.0,0.0,0.0,0.0,0.0,0.0,0.0,1.0,0.0,0.0,1.0,0.0,0.0,0.0,0.0,0.0,0.0,0.0,0.0,0.0,0.0,0.0,0.0,0.0,0.0,1.0,0.0,0.0,0.0,0.0,0.0,1.0,1.0,0.0,0.0,1.75,404,451
167,-1.5251977408247035,-2.475669756361665,0.6947455372775079,0.14970992263175345,4.582026395878978,0.5522842742239581,0.5357166649164422,-0.047438480833813156,-0.52915888585572,0.1292093563255033,0.9793230818358767,-0.2004487501613383,-0.47066889742976514,-0.4981287381152882,0.17285254734624414,0.19225137597817651,-0.13446390661315386,-0.4025856322914537,-0.3020874190505117,-0.3536147983771266,4.268568613863401,0.0,1.0,0.0,0.0,0.0,0.0,0.0,0.0,0.0,1.0,0.0,0.0,0.0,0.0,0.0,1.0,0.0,0.0,0.0,0.0,0.0,0.0,0.0,0.0,0.0,0.0,0.0,0.0,0.0,0.0,1.0,0.0,0.0,0.0,0.0,0.0,1.0,1.0,0.0,0.0,1.79,407,483
168,-1.5251977408247035,-2.475669756361665,0.6947455372775079,0.14970992263175345,4.582026395878978,0.5522842742239581,0.5357166649164422,-0.06352162544187412,-0.52915888585572,0.6133354235313087,0.9561729315771774,-0.19691464179370916,-0.47066889742976514,-0.4981287381152882,0.17285254734624414,0.19225137597817651,-0.13446390661315386,-0.4025856322914537,-0.3020874190505117,-0.2950975304131178,4.268568613863401,0.0,1.0,0.0,0.0,0.0,0.0,0.0,0.0,0.0,0.0,1.0,0.0,0.0,0.0,0.0,1.0,0.0,0.0,0.0,0.0,0.0,0.0,0.0,0.0,0.0,0.0,0.0,0.0,0.0,0.0,1.0,0.0,0.0,0.0,0.0,0.0,1.0,1.0,0.0,0.0,1.71,418,530
169,-1.5251977408247035,-2.475669756361665,0.6947455372775079,0.14970992263175345,4.582026395878978,0.5522842742239581,0.5357166649164422,-0.10429052689021469,-0.52915888585572,-0.4780715876256385,-0.525436684979579,-0.4353063153192402,3.0022065528618076,1.8569116465006252,0.17285254734624414,0.19225137597817651,-0.13446390661315386,-0.4025856322914537,-0.3020874190505117,-0.06256838666139819,4.268568613863401,0.0,1.0,0.0,0.0,0.0,0.0,1.0,0.0,0.0,0.0,0.0,0.0,0.0,0.0,0.0,0.0,0.0,0.0,0.0,0.0,0.0,0.0,0.0,0.0,0.0,0.0,1.0,0.0,0.0,0.0,1.0,0.0,0.0,0.0,0.0,0.0,1.0,1.0,0.0,0.0,1.97,413,584
170,0.16366422521584506,-0.14038331593451,-0.08298083101283914,-0.413307555728005,-0.23081370847018642,-0.47267066080706216,0.6274220607473748,0.3068270649321186,-1.162184912669197,-0.4780715876256385,-0.525436684979579,-0.4353063153192402,-0.47066889742976514,-0.4981287381152882,-0.23843860065321754,-0.11968207546169243,0.06355121609406705,-0.5668372407528595,-0.3020874190505117,-0.6951657188207396,-0.21564855738952368,0.0,0.0,0.0,0.0,1.0,0.0,1.0,0.0,0.0,0.0,0.0,0.0,0.0,0.0,0.0,1.0,0.0,0.0,0.0,0.0,0.0,0.0,0.0,0.0,0.0,0.0,0.0,0.0,0.0,0.0,0.0,1.0,0.0,0.0,0.0,0.0,1.0,1.0,0.0,0.0,2.0,486,488
171,0.16366422521584506,-0.14038331593451,-0.08298083101283914,-0.413307555728005,-0.23081370847018642,-0.47267066080706216,0.6274220607473748,0.3068270649321186,-1.162184912669197,-0.4780715876256385,-0.525436684979579,-0.4353063153192402,-0.47066889742976514,-0.4981287381152882,-0.23843860065321754,-0.11968207546169243,0.06355121609406705,-0.5668372407528595,-0.3020874190505117,-0.6951657188207396,-0.17393490928484528,0.0,0.0,0.0,0.0,1.0,0.0,1.0,0.0,0.0,0.0,0.0,0.0,0.0,0.0,0.0,1.0,0.0,0.0,0.0,0.0,0.0,0.0,0.0,0.0,0.0,0.0,0.0,0.0,0.0,0.0,0.0,1.0,0.0,0.0,0.0,0.0,1.0,1.0,0.0,0.0,2.0,434,508
172,0.16366422521584506,-0.14038331593451,-0.08298083101283914,-0.413307555728005,-0.23081370847018642,-0.47267066080706216,0.6274220607473748,0.3068270649321186,-1.162184912669197,-0.4780715876256385,-0.525436684979579,-0.4353063153192402,-0.47066889742976514,-0.4981287381152882,-0.23843860065321754,-0.11968207546169243,0.06355121609406705,-0.5668372407528595,-0.3020874190505117,-0.6951657188207396,-0.048793964970810184,0.0,0.0,0.0,0.0,1.0,0.0,1.0,0.0,0.0,0.0,0.0,0.0,0.0,0.0,0.0,1.0,0.0,0.0,0.0,0.0,0.0,0.0,0.0,0.0,0.0,0.0,0.0,0.0,0.0,0.0,0.0,1.0,0.0,0.0,0.0,0.0,1.0,1.0,0.0,0.0,2.0,414,523
190,-2.0219218484836885,0.7937312602363521,-0.48244713305163495,-0.4768629029784317,-0.41242032626906033,-0.3119957785186679,-0.3263140558943243,-0.14406202402177626,-1.1238196989229257,-0.4152201332866392,-0.46524629430696085,-0.16960562258930198,-0.319036307346612,-0.18295169161693955,-0.01320007740499233,0.023569971531073514,-0.2549015569621693,-0.46401524241913844,-0.3020874190505117,-0.5337042570832046,-0.23640109732160117,0.0,0.0,1.0,0.0,0.0,0.0,0.0,0.0,0.0,0.0,0.0,0.0,1.0,0.0,0.0,0.0,0.0,0.0,0.0,0.0,1.0,0.0,0.0,0.0,0.0,0.0,0.0,0.0,0.0,0.0,1.0,0.0,0.0,0.0,1.0,0.0,0.0,1.0,0.0,0.0,3.8,None,555
191,-2.0219218484836885,0.7937312602363521,-0.48244713305163495,-0.4768629029784317,-0.41242032626906033,-0.3119957785186679,-0.3263140558943243,-0.14406202402177626,-1.1238196989229257,-0.4152201332866392,-0.46524629430696085,-0.16960562258930198,-0.319036307346612,-0.21692988622085074,-0.01320007740499233,0.023569971531073514,-0.2549015569621693,-0.46401524241913844,-0.3020874190505117,-0.5337042570832046,-0.23640109732160117,0.0,0.0,1.0,0.0,0.0,0.0,0.0,0.0,0.0,0.0,0.0,0.0,1.0,0.0,0.0,0.0,0.0,0.0,0.0,0.0,0.0,0.0,0.0,1.0,0.0,0.0,0.0,0.0,0.0,0.0,1.0,0.0,0.0,0.0,1.0,0.0,0.0,1.0,0.0,0.0,3.8,None,550
192,-2.0219218484836885,0.7937312602363521,-0.48244713305163495,-0.4768629029784317,-0.4126850589480674,-0.3119957785186679,-0.3263140558943243,-0.14418669956137362,-1.1238196989229257,-0.4152201332866392,-0.46524629430696085,-0.16960562258930198,-0.31414493347296185,-0.2954312323747145,-0.01320007740499233,0.023569971531073514,-0.2549015569621693,-0.46401524241913844,-0.3020874190505117,-0.5331909477150992,-0.23640109732160117,0.0,0.0,1.0,0.0,0.0,0.0,0.0,0.0,0.0,0.0,0.0,0.0,1.0,0.0,0.0,0.0,0.0,0.0,0.0,1.0,0.0,0.0,0.0,0.0,0.0,0.0,0.0,0.0,0.0,0.0,1.0,0.0,0.0,0.0,1.0,0.0,0.0,1.0,0.0,0.0,3.7,None,540
193,-2.0219218484836885,0.7937312602363521,-0.48244713305163495,-0.4768629029784317,-0.4126850589480674,-0.3119957785186679,-0.3263140558943243,-0.14418669956137362,-1.1238196989229257,-0.4152201332866392,-0.46524629430696085,-0.16960562258930198,-0.31414493347296185,-0.3422977076904541,-0.01320007740499233,0.023569971531073514,-0.2549015569621693,-0.46401524241913844,-0.3020874190505117,-0.5331909477150992,-0.23640109732160117,0.0,0.0,1.0,0.0,0.0,0.0,0.0,0.0,0.0,0.0,0.0,0.0,1.0,0.0,0.0,0.0,0.0,0.0,0.0,0.0,0.0,1.0,0.0,0.0,0.0,0.0,0.0,0.0,0.0,0.0,1.0,0.0,0.0,0.0,1.0,0.0,0.0,1.0,0.0,0.0,3.6,None,530
194,-2.0219218484836885,0.7937312602363521,-0.48244713305163495,-0.4768629029784317,-0.41242032626906033,-0.3119957785186679,-0.3263140558943243,-0.14406202402177626,-1.1238196989229257,-0.4152201332866392,-0.46524629430696085,-0.16960562258930198,-0.319036307346612,-0.18295169161693955,-0.01320007740499233,0.023569971531073514,-0.2549015569621693,-0.46401524241913844,-0.3020874190505117,-0.5337042570832046,-0.2354625402392459,0.0,0.0,1.0,0.0,0.0,0.0,0.0,0.0,0.0,0.0,0.0,0.0,1.0,0.0,0.0,0.0,0.0,0.0,0.0,0.0,1.0,0.0,0.0,0.0,0.0,0.0,0.0,0.0,0.0,0.0,1.0,0.0,0.0,0.0,1.0,0.0,0.0,1.0,0.0,0.0,4.3,None,595
195,-2.0219218484836885,0.7937312602363521,-0.48244713305163495,-0.4768629029784317,-0.41242032626906033,-0.3119957785186679,-0.3263140558943243,-0.14406202402177626,-1.1238196989229257,-0.4152201332866392,-0.46524629430696085,-0.16960562258930198,-0.319036307346612,-0.21692988622085074,-0.01320007740499233,0.023569971531073514,-0.2549015569621693,-0.46401524241913844,-0.3020874190505117,-0.5337042570832046,-0.2354625402392459,0.0,0.0,1.0,0.0,0.0,0.0,0.0,0.0,0.0,0.0,0.0,0.0,1.0,0.0,0.0,0.0,0.0,0.0,0.0,0.0,0.0,0.0,0.0,1.0,0.0,0.0,0.0,0.0,0.0,0.0,1.0,0.0,0.0,0.0,1.0,0.0,0.0,1.0,0.0,0.0,4.1,None,585
196,-2.0219218484836885,0.7937312602363521,-0.48244713305163495,-0.4768629029784317,-0.4126850589480674,-0.3119957785186679,-0.3263140558943243,-0.14418669956137362,-1.1238196989229257,-0.4152201332866392,-0.46524629430696085,-0.16960562258930198,-0.31414493347296185,-0.2954312323747145,-0.01320007740499233,0.023569971531073514,-0.2549015569621693,-0.46401524241913844,-0.3020874190505117,-0.5331909477150992,-0.2354625402392459,0.0,0.0,1.0,0.0,0.0,0.0,0.0,0.0,0.0,0.0,0.0,0.0,1.0,0.0,0.0,0.0,0.0,0.0,0.0,1.0,0.0,0.0,0.0,0.0,0.0,0.0,0.0,0.0,0.0,0.0,1.0,0.0,0.0,0.0,1.0,0.0,0.0,1.0,0.0,0.0,4.0,None,570
197,-2.0219218484836885,0.7937312602363521,-0.48244713305163495,-0.4768629029784317,-0.4126850589480674,-0.3119957785186679,-0.3263140558943243,-0.14418669956137362,-1.1238196989229257,-0.4152201332866392,-0.46524629430696085,-0.16960562258930198,-0.31414493347296185,-0.3422977076904541,-0.01320007740499233,0.023569971531073514,-0.2549015569621693,-0.46401524241913844,-0.3020874190505117,-0.5331909477150992,-0.2354625402392459,0.0,0.0,1.0,0.0,0.0,0.0,0.0,0.0,0.0,0.0,0.0,0.0,1.0,0.0,0.0,0.0,0.0,0.0,0.0,0.0,0.0,1.0,0.0,0.0,0.0,0.0,0.0,0.0,0.0,0.0,1.0,0.0,0.0,0.0,1.0,0.0,0.0,1.0,0.0,0.0,3.9,None,560
198,-2.0219218484836885,0.7937312602363521,-0.48244713305163495,-0.4768629029784317,-0.41242032626906033,-0.3119957785186679,-0.3263140558943243,-0.14406202402177626,-1.1238196989229257,-0.4152201332866392,-0.46524629430696085,-0.16960562258930198,-0.319036307346612,-0.18295169161693955,-0.01320007740499233,0.023569971531073514,-0.2549015569621693,-0.46401524241913844,-0.3020874190505117,-0.5337042570832046,-0.22607696941569327,0.0,0.0,1.0,0.0,0.0,0.0,0.0,0.0,0.0,0.0,0.0,0.0,1.0,0.0,0.0,0.0,0.0,0.0,0.0,0.0,1.0,0.0,0.0,0.0,0.0,0.0,0.0,0.0,0.0,0.0,1.0,0.0,0.0,0.0,1.0,0.0,0.0,1.0,0.0,0.0,4.2,None,590
199,-2.0219218484836885,0.7937312602363521,-0.48244713305163495,-0.4768629029784317,-0.41242032626906033,-0.3119957785186679,-0.3263140558943243,-0.14406202402177626,-1.1238196989229257,-0.4152201332866392,-0.46524629430696085,-0.16960562258930198,-0.319036307346612,-0.21692988622085074,-0.01320007740499233,0.023569971531073514,-0.2549015569621693,-0.46401524241913844,-0.3020874190505117,-0.5337042570832046,-0.22607696941569327,0.0,0.0,1.0,0.0,0.0,0.0,0.0,0.0,0.0,0.0,0.0,0.0,1.0,0.0,0.0,0.0,0.0,0.0,0.0,0.0,0.0,0.0,0.0,1.0,0.0,0.0,0.0,0.0,0.0,0.0,1.0,0.0,0.0,0.0,1.0,0.0,0.0,1.0,0.0,0.0,4.2,None,590
200,-2.0219218484836885,0.7937312602363521,-0.48244713305163495,-0.4768629029784317,-0.4126850589480674,-0.3119957785186679,-0.3263140558943243,-0.14418669956137362,-1.1238196989229257,-0.4152201332866392,-0.46524629430696085,-0.16960562258930198,-0.31414493347296185,-0.2954312323747145,-0.01320007740499233,0.023569971531073514,-0.2549015569621693,-0.46401524241913844,-0.3020874190505117,-0.5331909477150992,-0.22607696941569327,0.0,0.0,1.0,0.0,0.0,0.0,0.0,0.0,0.0,0.0,0.0,0.0,1.0,0.0,0.0,0.0,0.0,0.0,0.0,1.0,0.0,0.0,0.0,0.0,0.0,0.0,0.0,0.0,0.0,0.0,1.0,0.0,0.0,0.0,1.0,0.0,0.0,1.0,0.0,0.0,4.1,None,580
201,-2.0219218484836885,0.7937312602363521,-0.48244713305163495,-0.4768629029784317,4.1055075736661895,-0.3119957785186679,-0.3263140558943243,7.525790158699137,-1.1238196989229257,-0.4152201332866392,-0.46524629430696085,-0.16960562258930198,-0.270122568610111,0.017402490357847154,-0.01320007740499233,0.023569971531073514,-0.309921040904159,-0.46401524241913844,-0.3020874190505117,-0.5398434371257445,-0.23640109732160117,0.0,0.0,1.0,0.0,0.0,0.0,0.0,0.0,0.0,0.0,0.0,0.0,1.0,0.0,0.0,0.0,1.0,0.0,0.0,0.0,0.0,0.0,0.0,0.0,0.0,0.0,0.0,0.0,0.0,0.0,1.0,0.0,0.0,0.0,1.0,0.0,0.0,1.0,0.0,0.0,3.7,None,535
202,-2.0219218484836885,0.7937312602363521,-0.48244713305163495,-0.4768629029784317,4.1055075736661895,-0.3119957785186679,-0.3263140558943243,7.525790158699137,-1.1238196989229257,-0.4152201332866392,-0.46524629430696085,-0.16960562258930198,-0.27990531635741117,0.07950057015120202,-0.01320007740499233,0.023569971531073514,-0.309921040904159,-0.46401524241913844,-0.3020874190505117,-0.5408700558619551,-0.23640109732160117,0.0,0.0,1.0,0.0,0.0,0.0,0.0,0.0,0.0,0.0,0.0,0.0,1.0,0.0,0.0,0.0,0.0,0.0,0.0,0.0,0.0,0.0,0.0,0.0,0.0,1.0,0.0,0.0,0.0,0.0,1.0,0.0,0.0,0.0,1.0,0.0,0.0,1.0,0.0,0.0,4.1,None,575
203,-2.0219218484836885,0.7937312602363521,-0.48244713305163495,-0.4768629029784317,4.1055075736661895,-0.3119957785186679,-0.3263140558943243,7.525790158699137,-1.1238196989229257,-0.4152201332866392,-0.46524629430696085,-0.16960562258930198,-0.2896880641047114,-0.09390538851703434,-0.01320007740499233,0.023569971531073514,-0.309921040904159,-0.46401524241913844,-0.3020874190505117,-0.5418966745981657,-0.23640109732160117,0.0,0.0,1.0,0.0,0.0,0.0,0.0,0.0,0.0,0.0,0.0,0.0,1.0,0.0,1.0,0.0,0.0,0.0,0.0,0.0,0.0,0.0,0.0,0.0,0.0,0.0,0.0,0.0,0.0,0.0,1.0,0.0,0.0,0.0,1.0,0.0,0.0,1.0,0.0,0.0,3.6,None,530
204,-2.0219218484836885,0.7937312602363521,-0.48244713305163495,-0.4768629029784317,4.1055075736661895,-0.3119957785186679,-0.3263140558943243,7.525790158699137,-1.1238196989229257,-0.4152201332866392,-0.46524629430696085,-0.16960562258930198,-0.27990531635741117,-0.07164381274205806,-0.01320007740499233,0.023569971531073514,-0.309921040904159,-0.46401524241913844,-0.3020874190505117,-0.5408700558619551,-0.23640109732160117,0.0,0.0,1.0,0.0,0.0,0.0,0.0,0.0,0.0,0.0,0.0,0.0,1.0,0.0,0.0,0.0,0.0,1.0,0.0,0.0,0.0,0.0,0.0,0.0,0.0,0.0,0.0,0.0,0.0,0.0,1.0,0.0,0.0,0.0,1.0,0.0,0.0,1.0,0.0,0.0,4.0,None,565
